{"v":"4.8.0","meta":{"g":"LottieFiles AE 1.1.0","a":"","k":"","d":"","tc":""},"fr":29.9700012207031,"ip":0,"op":270.000010997325,"w":1400,"h":1400,"nm":"ESG-venn 2","ddd":0,"assets":[],"fonts":{"list":[{"fName":"Quicksand-Medium","fFamily":"Quicksand","fStyle":"Light","ascent":73.9990234375},{"fName":"Quicksand-SemiBold","fFamily":"Quicksand","fStyle":"Light","ascent":73.9990234375}]},"layers":[{"ddd":0,"ind":1,"ty":5,"nm":"e 3","sr":1,"ks":{"o":{"a":1,"k":[{"i":{"x":[0.833],"y":[0.833]},"o":{"x":[0.167],"y":[0.167]},"t":0,"s":[0]},{"i":{"x":[0.833],"y":[0.833]},"o":{"x":[0.167],"y":[0.167]},"t":5,"s":[100]},{"i":{"x":[0.833],"y":[0.833]},"o":{"x":[0.167],"y":[0.167]},"t":103,"s":[100]},{"t":118.000004806239,"s":[0]}],"ix":11},"r":{"a":0,"k":0,"ix":10},"p":{"a":1,"k":[{"i":{"x":0.833,"y":0.833},"o":{"x":0.167,"y":0.167},"t":50,"s":[1011,1014,0],"to":[-17.5,4.208,0],"ti":[17.5,-4.208,0]},{"t":55.0000022401959,"s":[906,1039.25,0]}],"ix":2},"a":{"a":0,"k":[0,0,0],"ix":1},"s":{"a":0,"k":[140,140,100],"ix":6}},"ao":0,"t":{"d":{"k":[{"s":{"s":66,"f":"Quicksand-SemiBold","t":"e","j":0,"tr":-30,"lh":79.2,"ls":0,"fc":[1,1,1]},"t":0}]},"p":{},"m":{"g":1,"a":{"a":0,"k":[0,0],"ix":2}},"a":[]},"ip":0,"op":240.0000097754,"st":0,"bm":0},{"ddd":0,"ind":2,"ty":5,"nm":"c 2","sr":1,"ks":{"o":{"a":1,"k":[{"i":{"x":[0.833],"y":[0.833]},"o":{"x":[0.167],"y":[0.167]},"t":0,"s":[0]},{"i":{"x":[0.833],"y":[0.833]},"o":{"x":[0.167],"y":[0.167]},"t":5,"s":[100]},{"i":{"x":[0.833],"y":[0.833]},"o":{"x":[0.167],"y":[0.167]},"t":103,"s":[100]},{"t":118.000004806239,"s":[0]}],"ix":11},"r":{"a":0,"k":0,"ix":10},"p":{"a":1,"k":[{"i":{"x":0.833,"y":0.833},"o":{"x":0.167,"y":0.167},"t":44,"s":[936,1182,0],"to":[-33.667,-23.75,0],"ti":[13,23.75,0]},{"i":{"x":0.833,"y":0.833},"o":{"x":0.167,"y":0.167},"t":51,"s":[734,1039.5,0],"to":[-13,-23.75,0],"ti":[-20.667,0,0]},{"t":57.0000023216576,"s":[858,1039.5,0]}],"ix":2},"a":{"a":0,"k":[0,0,0],"ix":1},"s":{"a":0,"k":[140,140,100],"ix":6}},"ao":0,"t":{"d":{"k":[{"s":{"s":66,"f":"Quicksand-SemiBold","t":"c","j":0,"tr":-30,"lh":79.2,"ls":0,"fc":[1,1,1]},"t":0}]},"p":{},"m":{"g":1,"a":{"a":0,"k":[0,0],"ix":2}},"a":[]},"ip":0,"op":240.0000097754,"st":0,"bm":0},{"ddd":0,"ind":3,"ty":5,"nm":"n 5","sr":1,"ks":{"o":{"a":1,"k":[{"i":{"x":[0.833],"y":[0.833]},"o":{"x":[0.167],"y":[0.167]},"t":0,"s":[0]},{"i":{"x":[0.833],"y":[0.833]},"o":{"x":[0.167],"y":[0.167]},"t":5,"s":[100]},{"i":{"x":[0.833],"y":[0.833]},"o":{"x":[0.167],"y":[0.167]},"t":103,"s":[100]},{"t":118.000004806239,"s":[0]}],"ix":11},"r":{"a":0,"k":0,"ix":10},"p":{"a":1,"k":[{"i":{"x":0.833,"y":0.833},"o":{"x":0.167,"y":0.167},"t":42,"s":[516,939,0],"to":[30.417,16.75,0],"ti":[-48.083,-16.75,0]},{"i":{"x":0.833,"y":0.833},"o":{"x":0.167,"y":0.167},"t":49,"s":[698.5,1039.5,0],"to":[48.083,16.75,0],"ti":[-17.667,0,0]},{"t":56.0000022809268,"s":[804.5,1039.5,0]}],"ix":2},"a":{"a":0,"k":[0,0,0],"ix":1},"s":{"a":0,"k":[140,140,100],"ix":6}},"ao":0,"t":{"d":{"k":[{"s":{"s":66,"f":"Quicksand-SemiBold","t":"n","j":0,"tr":-30,"lh":79.2,"ls":0,"fc":[1,1,1]},"t":0}]},"p":{},"m":{"g":1,"a":{"a":0,"k":[0,0],"ix":2}},"a":[]},"ip":0,"op":240.0000097754,"st":0,"bm":0},{"ddd":0,"ind":4,"ty":5,"nm":"a 3","sr":1,"ks":{"o":{"a":1,"k":[{"i":{"x":[0.833],"y":[0.833]},"o":{"x":[0.167],"y":[0.167]},"t":0,"s":[0]},{"i":{"x":[0.833],"y":[0.833]},"o":{"x":[0.167],"y":[0.167]},"t":5,"s":[100]},{"i":{"x":[0.833],"y":[0.833]},"o":{"x":[0.167],"y":[0.167]},"t":103,"s":[100]},{"t":118.000004806239,"s":[0]}],"ix":11},"r":{"a":0,"k":0,"ix":10},"p":{"a":1,"k":[{"i":{"x":0.833,"y":0.833},"o":{"x":0.167,"y":0.167},"t":41,"s":[666,1218,0],"to":[-0.667,-29.792,0],"ti":[-14.333,29.792,0]},{"i":{"x":0.833,"y":0.833},"o":{"x":0.167,"y":0.167},"t":47,"s":[662,1039.25,0],"to":[14.333,-29.792,0],"ti":[-15,0,0]},{"t":53.0000021587343,"s":[752,1039.25,0]}],"ix":2},"a":{"a":0,"k":[0,0,0],"ix":1},"s":{"a":0,"k":[140,140,100],"ix":6}},"ao":0,"t":{"d":{"k":[{"s":{"s":66,"f":"Quicksand-SemiBold","t":"a","j":0,"tr":-30,"lh":79.2,"ls":0,"fc":[1,1,1]},"t":0}]},"p":{},"m":{"g":1,"a":{"a":0,"k":[0,0],"ix":2}},"a":[]},"ip":0,"op":240.0000097754,"st":0,"bm":0},{"ddd":0,"ind":5,"ty":5,"nm":"n 4","sr":1,"ks":{"o":{"a":1,"k":[{"i":{"x":[0.833],"y":[0.833]},"o":{"x":[0.167],"y":[0.167]},"t":0,"s":[0]},{"i":{"x":[0.833],"y":[0.833]},"o":{"x":[0.167],"y":[0.167]},"t":5,"s":[100]},{"i":{"x":[0.833],"y":[0.833]},"o":{"x":[0.167],"y":[0.167]},"t":103,"s":[100]},{"t":118.000004806239,"s":[0]}],"ix":11},"r":{"a":0,"k":0,"ix":10},"p":{"a":1,"k":[{"i":{"x":0.833,"y":0.833},"o":{"x":0.167,"y":0.167},"t":39,"s":[999,939,0],"to":[-62.167,16.833,0],"ti":[50.167,-16.833,0]},{"i":{"x":0.833,"y":0.833},"o":{"x":0.167,"y":0.167},"t":45,"s":[626,1040,0],"to":[-50.167,16.833,0],"ti":[-12,0,0]},{"t":51.0000020772726,"s":[698,1040,0]}],"ix":2},"a":{"a":0,"k":[0,0,0],"ix":1},"s":{"a":0,"k":[140,140,100],"ix":6}},"ao":0,"t":{"d":{"k":[{"s":{"s":66,"f":"Quicksand-SemiBold","t":"n","j":0,"tr":-30,"lh":79.2,"ls":0,"fc":[1,1,1]},"t":0}]},"p":{},"m":{"g":1,"a":{"a":0,"k":[0,0],"ix":2}},"a":[]},"ip":0,"op":240.0000097754,"st":0,"bm":0},{"ddd":0,"ind":6,"ty":5,"nm":"r 2","sr":1,"ks":{"o":{"a":1,"k":[{"i":{"x":[0.833],"y":[0.833]},"o":{"x":[0.167],"y":[0.167]},"t":0,"s":[0]},{"i":{"x":[0.833],"y":[0.833]},"o":{"x":[0.167],"y":[0.167]},"t":5,"s":[100]},{"i":{"x":[0.833],"y":[0.833]},"o":{"x":[0.167],"y":[0.167]},"t":103,"s":[100]},{"t":118.000004806239,"s":[0]}],"ix":11},"r":{"a":0,"k":0,"ix":10},"p":{"a":1,"k":[{"i":{"x":0.833,"y":0.833},"o":{"x":0.167,"y":0.167},"t":38,"s":[780,1122,0],"to":[-30,-13.75,0],"ti":[19.667,13.75,0]},{"i":{"x":0.833,"y":0.833},"o":{"x":0.167,"y":0.167},"t":44,"s":[600,1039.5,0],"to":[-19.667,-13.75,0],"ti":[-10.333,0,0]},{"t":50.0000020365418,"s":[662,1039.5,0]}],"ix":2},"a":{"a":0,"k":[0,0,0],"ix":1},"s":{"a":0,"k":[140,140,100],"ix":6}},"ao":0,"t":{"d":{"k":[{"s":{"s":66,"f":"Quicksand-SemiBold","t":"r","j":0,"tr":-30,"lh":79.2,"ls":0,"fc":[1,1,1]},"t":0}]},"p":{},"m":{"g":1,"a":{"a":0,"k":[0,0],"ix":2}},"a":[]},"ip":0,"op":240.0000097754,"st":0,"bm":0},{"ddd":0,"ind":7,"ty":5,"nm":"e 2","sr":1,"ks":{"o":{"a":1,"k":[{"i":{"x":[0.833],"y":[0.833]},"o":{"x":[0.167],"y":[0.167]},"t":0,"s":[0]},{"i":{"x":[0.833],"y":[0.833]},"o":{"x":[0.167],"y":[0.167]},"t":5,"s":[100]},{"i":{"x":[0.833],"y":[0.833]},"o":{"x":[0.167],"y":[0.167]},"t":103,"s":[100]},{"t":118.000004806239,"s":[0]}],"ix":11},"r":{"a":0,"k":0,"ix":10},"p":{"a":1,"k":[{"i":{"x":0.833,"y":0.833},"o":{"x":0.167,"y":0.167},"t":36,"s":[858,1065,0],"to":[-49.167,-4.333,0],"ti":[41.5,4.333,0]},{"i":{"x":0.833,"y":0.833},"o":{"x":0.167,"y":0.167},"t":42,"s":[563,1039,0],"to":[-41.5,-4.333,0],"ti":[-7.667,0,0]},{"t":48.0000019550801,"s":[609,1039,0]}],"ix":2},"a":{"a":0,"k":[0,0,0],"ix":1},"s":{"a":0,"k":[140,140,100],"ix":6}},"ao":0,"t":{"d":{"k":[{"s":{"s":66,"f":"Quicksand-SemiBold","t":"e","j":0,"tr":-30,"lh":79.2,"ls":0,"fc":[1,1,1]},"t":0}]},"p":{},"m":{"g":1,"a":{"a":0,"k":[0,0],"ix":2}},"a":[]},"ip":0,"op":240.0000097754,"st":0,"bm":0},{"ddd":0,"ind":8,"ty":5,"nm":"v 2","sr":1,"ks":{"o":{"a":1,"k":[{"i":{"x":[0.833],"y":[0.833]},"o":{"x":[0.167],"y":[0.167]},"t":0,"s":[0]},{"i":{"x":[0.833],"y":[0.833]},"o":{"x":[0.167],"y":[0.167]},"t":5,"s":[100]},{"i":{"x":[0.833],"y":[0.833]},"o":{"x":[0.167],"y":[0.167]},"t":103,"s":[100]},{"t":118.000004806239,"s":[0]}],"ix":11},"r":{"a":0,"k":0,"ix":10},"p":{"a":1,"k":[{"i":{"x":0.833,"y":0.833},"o":{"x":0.167,"y":0.167},"t":33,"s":[795,936,0],"to":[-44.167,17.167,0],"ti":[38.833,-17.167,0]},{"i":{"x":0.833,"y":0.833},"o":{"x":0.167,"y":0.167},"t":40,"s":[530,1039,0],"to":[-38.833,17.167,0],"ti":[-5.333,0,0]},{"t":47.0000019143492,"s":[562,1039,0]}],"ix":2},"a":{"a":0,"k":[0,0,0],"ix":1},"s":{"a":0,"k":[140,140,100],"ix":6}},"ao":0,"t":{"d":{"k":[{"s":{"s":66,"f":"Quicksand-SemiBold","t":"v","j":0,"tr":-30,"lh":79.2,"ls":0,"fc":[1,1,1]},"t":0}]},"p":{},"m":{"g":1,"a":{"a":0,"k":[0,0],"ix":2}},"a":[]},"ip":0,"op":240.0000097754,"st":0,"bm":0},{"ddd":0,"ind":9,"ty":5,"nm":"o 3","sr":1,"ks":{"o":{"a":1,"k":[{"i":{"x":[0.833],"y":[0.833]},"o":{"x":[0.167],"y":[0.167]},"t":0,"s":[0]},{"i":{"x":[0.833],"y":[0.833]},"o":{"x":[0.167],"y":[0.167]},"t":5,"s":[100]},{"i":{"x":[0.833],"y":[0.833]},"o":{"x":[0.167],"y":[0.167]},"t":103,"s":[100]},{"t":118.000004806239,"s":[0]}],"ix":11},"r":{"a":0,"k":0,"ix":10},"p":{"a":1,"k":[{"i":{"x":0.833,"y":0.833},"o":{"x":0.167,"y":0.167},"t":32,"s":[537,1131,0],"to":[-7.667,-15.5,0],"ti":[4.667,15.5,0]},{"i":{"x":0.833,"y":0.833},"o":{"x":0.167,"y":0.167},"t":38,"s":[491,1038,0],"to":[-4.667,-15.5,0],"ti":[-3,0,0]},{"t":47.0000019143492,"s":[509,1038,0]}],"ix":2},"a":{"a":0,"k":[0,0,0],"ix":1},"s":{"a":0,"k":[140,140,100],"ix":6}},"ao":0,"t":{"d":{"k":[{"s":{"s":66,"f":"Quicksand-SemiBold","t":"o","j":0,"tr":-30,"lh":79.2,"ls":0,"fc":[1,1,1]},"t":0}]},"p":{},"m":{"g":1,"a":{"a":0,"k":[0,0],"ix":2}},"a":[]},"ip":0,"op":240.0000097754,"st":0,"bm":0},{"ddd":0,"ind":10,"ty":5,"nm":"G ","sr":1,"ks":{"o":{"a":1,"k":[{"i":{"x":[0.833],"y":[0.833]},"o":{"x":[0.167],"y":[0.167]},"t":0,"s":[0]},{"i":{"x":[0.833],"y":[0.833]},"o":{"x":[0.167],"y":[0.167]},"t":5,"s":[100]},{"i":{"x":[0.833],"y":[0.833]},"o":{"x":[0.167],"y":[0.167]},"t":103,"s":[100]},{"i":{"x":[0.833],"y":[0.833]},"o":{"x":[0.167],"y":[0.167]},"t":230,"s":[100]},{"t":236.000009612477,"s":[0]}],"ix":11},"r":{"a":0,"k":0,"ix":10},"p":{"a":1,"k":[{"i":{"x":0.833,"y":0.833},"o":{"x":0.167,"y":0.167},"t":28,"s":[393,1008,0],"to":[6.333,5,0],"ti":[-8.667,-5,0]},{"i":{"x":0.833,"y":0.833},"o":{"x":0.167,"y":0.167},"t":36,"s":[431,1038,0],"to":[8.667,5,0],"ti":[-2.333,0,0]},{"i":{"x":0.833,"y":0.833},"o":{"x":0.167,"y":0.167},"t":47,"s":[445,1038,0],"to":[0,0,0],"ti":[0,0,0]},{"i":{"x":0.833,"y":0.833},"o":{"x":0.167,"y":0.167},"t":124,"s":[445,1038,0],"to":[28,4.667,0],"ti":[-28,-4.667,0]},{"t":137.000005580124,"s":[613,1066,0]}],"ix":2},"a":{"a":0,"k":[0,0,0],"ix":1},"s":{"a":1,"k":[{"i":{"x":[0.833,0.833,0.833],"y":[0.833,0.833,0.833]},"o":{"x":[0.167,0.167,0.167],"y":[0.167,0.167,0.167]},"t":66,"s":[140,140,100]},{"i":{"x":[0.833,0.833,0.833],"y":[0.833,0.833,0.833]},"o":{"x":[0.167,0.167,0.167],"y":[0.167,0.167,0.167]},"t":124,"s":[140,140,100]},{"t":137.000005580124,"s":[316,316,100]}],"ix":6}},"ao":0,"t":{"d":{"k":[{"s":{"s":66,"f":"Quicksand-SemiBold","t":"G","j":0,"tr":-30,"lh":79.2,"ls":0,"fc":[1,1,1]},"t":0}]},"p":{},"m":{"g":1,"a":{"a":0,"k":[0,0],"ix":2}},"a":[]},"ip":0,"op":271.000011038056,"st":0,"bm":0},{"ddd":0,"ind":11,"ty":5,"nm":"l 2","sr":1,"ks":{"o":{"a":1,"k":[{"i":{"x":[0.833],"y":[0.833]},"o":{"x":[0.167],"y":[0.167]},"t":0,"s":[0]},{"i":{"x":[0.833],"y":[0.833]},"o":{"x":[0.167],"y":[0.167]},"t":5,"s":[100]},{"i":{"x":[0.833],"y":[0.833]},"o":{"x":[0.167],"y":[0.167]},"t":103,"s":[100]},{"t":118.000004806239,"s":[0]}],"ix":11},"r":{"a":0,"k":0,"ix":10},"p":{"a":1,"k":[{"i":{"x":0.833,"y":0.833},"o":{"x":0.167,"y":0.167},"t":33,"s":[1173,651,0],"to":[-11.167,-25,0],"ti":[11.167,25,0]},{"t":35.0000014255792,"s":[1106,501,0]}],"ix":2},"a":{"a":0,"k":[0,0,0],"ix":1},"s":{"a":0,"k":[140,140,100],"ix":6}},"ao":0,"t":{"d":{"k":[{"s":{"s":66,"f":"Quicksand-SemiBold","t":"l","j":0,"tr":-30,"lh":79.2,"ls":0,"fc":[1,1,1]},"t":0}]},"p":{},"m":{"g":1,"a":{"a":0,"k":[0,0],"ix":2}},"a":[]},"ip":0,"op":240.0000097754,"st":0,"bm":0},{"ddd":0,"ind":12,"ty":5,"nm":"a 2","sr":1,"ks":{"o":{"a":1,"k":[{"i":{"x":[0.833],"y":[0.833]},"o":{"x":[0.167],"y":[0.167]},"t":0,"s":[0]},{"i":{"x":[0.833],"y":[0.833]},"o":{"x":[0.167],"y":[0.167]},"t":5,"s":[100]},{"i":{"x":[0.833],"y":[0.833]},"o":{"x":[0.167],"y":[0.167]},"t":103,"s":[100]},{"t":118.000004806239,"s":[0]}],"ix":11},"r":{"a":0,"k":0,"ix":10},"p":{"a":1,"k":[{"i":{"x":0.833,"y":0.833},"o":{"x":0.167,"y":0.167},"t":31,"s":[1161,549,0],"to":[-25,-8.125,0],"ti":[18.667,8.125,0]},{"i":{"x":0.833,"y":0.833},"o":{"x":0.167,"y":0.167},"t":34,"s":[1011,500.25,0],"to":[-18.667,-8.125,0],"ti":[-6.333,0,0]},{"t":36.0000014663101,"s":[1049,500.25,0]}],"ix":2},"a":{"a":0,"k":[0,0,0],"ix":1},"s":{"a":0,"k":[140,140,100],"ix":6}},"ao":0,"t":{"d":{"k":[{"s":{"s":66,"f":"Quicksand-SemiBold","t":"a","j":0,"tr":-30,"lh":79.2,"ls":0,"fc":[1,1,1]},"t":0}]},"p":{},"m":{"g":1,"a":{"a":0,"k":[0,0],"ix":2}},"a":[]},"ip":0,"op":240.0000097754,"st":0,"bm":0},{"ddd":0,"ind":13,"ty":5,"nm":"i 2","sr":1,"ks":{"o":{"a":1,"k":[{"i":{"x":[0.833],"y":[0.833]},"o":{"x":[0.167],"y":[0.167]},"t":0,"s":[0]},{"i":{"x":[0.833],"y":[0.833]},"o":{"x":[0.167],"y":[0.167]},"t":5,"s":[100]},{"i":{"x":[0.833],"y":[0.833]},"o":{"x":[0.167],"y":[0.167]},"t":103,"s":[100]},{"t":118.000004806239,"s":[0]}],"ix":11},"r":{"a":0,"k":0,"ix":10},"p":{"a":1,"k":[{"i":{"x":0.833,"y":0.833},"o":{"x":0.167,"y":0.167},"t":29,"s":[1164,390,0],"to":[-27.5,18.5,0],"ti":[22.833,-18.5,0]},{"i":{"x":0.833,"y":0.833},"o":{"x":0.167,"y":0.167},"t":33,"s":[999,501,0],"to":[-22.833,18.5,0],"ti":[-4.667,0,0]},{"t":37.0000015070409,"s":[1027,501,0]}],"ix":2},"a":{"a":0,"k":[0,0,0],"ix":1},"s":{"a":0,"k":[140,140,100],"ix":6}},"ao":0,"t":{"d":{"k":[{"s":{"s":66,"f":"Quicksand-SemiBold","t":"i","j":0,"tr":-30,"lh":79.2,"ls":0,"fc":[1,1,1]},"t":0}]},"p":{},"m":{"g":1,"a":{"a":0,"k":[0,0],"ix":2}},"a":[]},"ip":0,"op":240.0000097754,"st":0,"bm":0},{"ddd":0,"ind":14,"ty":5,"nm":"c","sr":1,"ks":{"o":{"a":1,"k":[{"i":{"x":[0.833],"y":[0.833]},"o":{"x":[0.167],"y":[0.167]},"t":0,"s":[0]},{"i":{"x":[0.833],"y":[0.833]},"o":{"x":[0.167],"y":[0.167]},"t":5,"s":[100]},{"i":{"x":[0.833],"y":[0.833]},"o":{"x":[0.167],"y":[0.167]},"t":103,"s":[100]},{"t":118.000004806239,"s":[0]}],"ix":11},"r":{"a":0,"k":0,"ix":10},"p":{"a":1,"k":[{"i":{"x":0.833,"y":0.833},"o":{"x":0.167,"y":0.167},"t":28,"s":[996,231,0],"to":[-5,44.875,0],"ti":[3,-44.875,0]},{"i":{"x":0.833,"y":0.833},"o":{"x":0.167,"y":0.167},"t":34,"s":[966,500.25,0],"to":[-3,44.875,0],"ti":[-2,0,0]},{"t":39.0000015885026,"s":[978,500.25,0]}],"ix":2},"a":{"a":0,"k":[0,0,0],"ix":1},"s":{"a":0,"k":[140,140,100],"ix":6}},"ao":0,"t":{"d":{"k":[{"s":{"s":66,"f":"Quicksand-SemiBold","t":"c","j":0,"tr":-30,"lh":79.2,"ls":0,"fc":[1,1,1]},"t":0}]},"p":{},"m":{"g":1,"a":{"a":0,"k":[0,0],"ix":2}},"a":[]},"ip":0,"op":240.0000097754,"st":0,"bm":0},{"ddd":0,"ind":15,"ty":5,"nm":"o 2","sr":1,"ks":{"o":{"a":1,"k":[{"i":{"x":[0.833],"y":[0.833]},"o":{"x":[0.167],"y":[0.167]},"t":0,"s":[0]},{"i":{"x":[0.833],"y":[0.833]},"o":{"x":[0.167],"y":[0.167]},"t":5,"s":[100]},{"i":{"x":[0.833],"y":[0.833]},"o":{"x":[0.167],"y":[0.167]},"t":103,"s":[100]},{"t":118.000004806239,"s":[0]}],"ix":11},"r":{"a":0,"k":0,"ix":10},"p":{"a":1,"k":[{"i":{"x":0.833,"y":0.833},"o":{"x":0.167,"y":0.167},"t":25,"s":[981,768,0],"to":[-8.833,-44.583,0],"ti":[8.958,44.583,0]},{"i":{"x":0.833,"y":0.833},"o":{"x":0.167,"y":0.167},"t":32,"s":[928,500.5,0],"to":[-8.958,-44.583,0],"ti":[1.125,0,0]},{"i":{"x":0.833,"y":0.833},"o":{"x":0.167,"y":0.167},"t":36,"s":[927.25,500.5,0],"to":[-1.125,0,0],"ti":[1,0,0]},{"t":38.0000015477717,"s":[921.25,500.5,0]}],"ix":2},"a":{"a":0,"k":[0,0,0],"ix":1},"s":{"a":0,"k":[140,140,100],"ix":6}},"ao":0,"t":{"d":{"k":[{"s":{"s":66,"f":"Quicksand-SemiBold","t":"o","j":0,"tr":-30,"lh":79.2,"ls":0,"fc":[1,1,1]},"t":0}]},"p":{},"m":{"g":1,"a":{"a":0,"k":[0,0],"ix":2}},"a":[]},"ip":0,"op":240.0000097754,"st":0,"bm":0},{"ddd":0,"ind":16,"ty":5,"nm":"S ","sr":1,"ks":{"o":{"a":1,"k":[{"i":{"x":[0.833],"y":[0.833]},"o":{"x":[0.167],"y":[0.167]},"t":0,"s":[0]},{"i":{"x":[0.833],"y":[0.833]},"o":{"x":[0.167],"y":[0.167]},"t":5,"s":[100]},{"i":{"x":[0.833],"y":[0.833]},"o":{"x":[0.167],"y":[0.167]},"t":103,"s":[100]},{"i":{"x":[0.833],"y":[0.833]},"o":{"x":[0.167],"y":[0.167]},"t":230,"s":[100]},{"t":237.000009653208,"s":[0]}],"ix":11},"r":{"a":0,"k":0,"ix":10},"p":{"a":1,"k":[{"i":{"x":0.833,"y":0.833},"o":{"x":0.167,"y":0.167},"t":23,"s":[818,306,0],"to":[12,29.5,0],"ti":[-12,-32.5,0]},{"i":{"x":0.833,"y":0.833},"o":{"x":0.167,"y":0.167},"t":28,"s":[890,483,0],"to":[12,32.5,0],"ti":[3.333,-3,0]},{"i":{"x":0.833,"y":0.833},"o":{"x":0.167,"y":0.167},"t":34,"s":[890,501,0],"to":[-3.333,3,0],"ti":[3.333,0,0]},{"i":{"x":0.833,"y":0.833},"o":{"x":0.167,"y":0.167},"t":37,"s":[870,501,0],"to":[0,0,0],"ti":[0,0,0]},{"i":{"x":0.833,"y":0.833},"o":{"x":0.167,"y":0.167},"t":115,"s":[870,501,0],"to":[9,0,0],"ti":[-9,0,0]},{"t":125.000005091354,"s":[924,501,0]}],"ix":2},"a":{"a":0,"k":[0,0,0],"ix":1},"s":{"a":1,"k":[{"i":{"x":[0.833,0.833,0.833],"y":[0.833,0.833,0.833]},"o":{"x":[0.167,0.167,0.167],"y":[0.167,0.167,0.167]},"t":29,"s":[140,140,100]},{"i":{"x":[0.833,0.833,0.833],"y":[0.833,0.833,0.833]},"o":{"x":[0.167,0.167,0.167],"y":[0.167,0.167,0.167]},"t":115,"s":[140,140,100]},{"t":125.000005091354,"s":[316,316,100]}],"ix":6}},"ao":0,"t":{"d":{"k":[{"s":{"s":66,"f":"Quicksand-SemiBold","t":"S","j":0,"tr":-30,"lh":79.2,"ls":0,"fc":[1,1,1]},"t":0}]},"p":{},"m":{"g":1,"a":{"a":0,"k":[0,0],"ix":2}},"a":[]},"ip":0,"op":271.000011038056,"st":0,"bm":0},{"ddd":0,"ind":17,"ty":5,"nm":"l","sr":1,"ks":{"o":{"a":1,"k":[{"i":{"x":[0.833],"y":[0.833]},"o":{"x":[0.167],"y":[0.167]},"t":0,"s":[0]},{"i":{"x":[0.833],"y":[0.833]},"o":{"x":[0.167],"y":[0.167]},"t":5,"s":[100]},{"i":{"x":[0.833],"y":[0.833]},"o":{"x":[0.167],"y":[0.167]},"t":103,"s":[100]},{"t":118.000004806239,"s":[0]}],"ix":11},"r":{"a":0,"k":0,"ix":10},"p":{"a":1,"k":[{"i":{"x":0.833,"y":0.833},"o":{"x":0.167,"y":0.167},"t":28,"s":[600,237,0],"to":[-1.667,45,0],"ti":[-18.333,-44.333,0]},{"i":{"x":0.833,"y":0.833},"o":{"x":0.167,"y":0.167},"t":32,"s":[590,507,0],"to":[18.333,44.333,0],"ti":[-20,0.667,0]},{"t":35.0000014255792,"s":[710,503,0]}],"ix":2},"a":{"a":0,"k":[0,0,0],"ix":1},"s":{"a":0,"k":[140,140,100],"ix":6}},"ao":0,"t":{"d":{"k":[{"s":{"s":66,"f":"Quicksand-SemiBold","t":"l","j":0,"tr":-30,"lh":79.2,"ls":0,"fc":[1,1,1]},"t":0}]},"p":{},"m":{"g":1,"a":{"a":0,"k":[0,0],"ix":2}},"a":[]},"ip":0,"op":240.0000097754,"st":0,"bm":0},{"ddd":0,"ind":18,"ty":5,"nm":"a","sr":1,"ks":{"o":{"a":1,"k":[{"i":{"x":[0.833],"y":[0.833]},"o":{"x":[0.167],"y":[0.167]},"t":0,"s":[0]},{"i":{"x":[0.833],"y":[0.833]},"o":{"x":[0.167],"y":[0.167]},"t":5,"s":[100]},{"i":{"x":[0.833],"y":[0.833]},"o":{"x":[0.167],"y":[0.167]},"t":103,"s":[100]},{"t":118.000004806239,"s":[0]}],"ix":11},"r":{"a":0,"k":0,"ix":10},"p":{"a":1,"k":[{"i":{"x":0.833,"y":0.833},"o":{"x":0.167,"y":0.167},"t":26,"s":[282,321,0],"to":[44.333,30.667,0],"ti":[-62.333,-30.167,0]},{"i":{"x":0.833,"y":0.833},"o":{"x":0.167,"y":0.167},"t":32,"s":[548,505,0],"to":[62.333,30.167,0],"ti":[-18,0.5,0]},{"t":35.0000014255792,"s":[656,502,0]}],"ix":2},"a":{"a":0,"k":[0,0,0],"ix":1},"s":{"a":0,"k":[140,140,100],"ix":6}},"ao":0,"t":{"d":{"k":[{"s":{"s":66,"f":"Quicksand-SemiBold","t":"a","j":0,"tr":-30,"lh":79.2,"ls":0,"fc":[1,1,1]},"t":0}]},"p":{},"m":{"g":1,"a":{"a":0,"k":[0,0],"ix":2}},"a":[]},"ip":0,"op":240.0000097754,"st":0,"bm":0},{"ddd":0,"ind":19,"ty":5,"nm":"t","sr":1,"ks":{"o":{"a":1,"k":[{"i":{"x":[0.833],"y":[0.833]},"o":{"x":[0.167],"y":[0.167]},"t":0,"s":[0]},{"i":{"x":[0.833],"y":[0.833]},"o":{"x":[0.167],"y":[0.167]},"t":5,"s":[100]},{"i":{"x":[0.833],"y":[0.833]},"o":{"x":[0.167],"y":[0.167]},"t":103,"s":[100]},{"t":118.000004806239,"s":[0]}],"ix":11},"r":{"a":0,"k":0,"ix":10},"p":{"a":1,"k":[{"i":{"x":0.833,"y":0.833},"o":{"x":0.167,"y":0.167},"t":25,"s":[99,360,0],"to":[71,24,0],"ti":[-88,-23.667,0]},{"i":{"x":0.833,"y":0.833},"o":{"x":0.167,"y":0.167},"t":31,"s":[525,504,0],"to":[88,23.667,0],"ti":[-17,0.333,0]},{"t":35.0000014255792,"s":[627,502,0]}],"ix":2},"a":{"a":0,"k":[0,0,0],"ix":1},"s":{"a":0,"k":[140,140,100],"ix":6}},"ao":0,"t":{"d":{"k":[{"s":{"s":66,"f":"Quicksand-SemiBold","t":"t","j":0,"tr":-30,"lh":79.2,"ls":0,"fc":[1,1,1]},"t":0}]},"p":{},"m":{"g":1,"a":{"a":0,"k":[0,0],"ix":2}},"a":[]},"ip":0,"op":240.0000097754,"st":0,"bm":0},{"ddd":0,"ind":20,"ty":5,"nm":"n 3","sr":1,"ks":{"o":{"a":1,"k":[{"i":{"x":[0.833],"y":[0.833]},"o":{"x":[0.167],"y":[0.167]},"t":0,"s":[0]},{"i":{"x":[0.833],"y":[0.833]},"o":{"x":[0.167],"y":[0.167]},"t":5,"s":[100]},{"i":{"x":[0.833],"y":[0.833]},"o":{"x":[0.167],"y":[0.167]},"t":103,"s":[100]},{"t":118.000004806239,"s":[0]}],"ix":11},"r":{"a":0,"k":0,"ix":10},"p":{"a":1,"k":[{"i":{"x":0.833,"y":0.833},"o":{"x":0.167,"y":0.167},"t":24,"s":[465,207,0],"to":[3.667,49.667,0],"ti":[-18.667,-49.167,0]},{"i":{"x":0.833,"y":0.833},"o":{"x":0.167,"y":0.167},"t":31,"s":[487,505,0],"to":[18.667,49.167,0],"ti":[-15,0.5,0]},{"t":37.0000015070409,"s":[577,502,0]}],"ix":2},"a":{"a":0,"k":[0,0,0],"ix":1},"s":{"a":0,"k":[140,140,100],"ix":6}},"ao":0,"t":{"d":{"k":[{"s":{"s":66,"f":"Quicksand-SemiBold","t":"n","j":0,"tr":-30,"lh":79.2,"ls":0,"fc":[1,1,1]},"t":0}]},"p":{},"m":{"g":1,"a":{"a":0,"k":[0,0],"ix":2}},"a":[]},"ip":0,"op":240.0000097754,"st":0,"bm":0},{"ddd":0,"ind":21,"ty":5,"nm":"e","sr":1,"ks":{"o":{"a":1,"k":[{"i":{"x":[0.833],"y":[0.833]},"o":{"x":[0.167],"y":[0.167]},"t":0,"s":[0]},{"i":{"x":[0.833],"y":[0.833]},"o":{"x":[0.167],"y":[0.167]},"t":5,"s":[100]},{"i":{"x":[0.833],"y":[0.833]},"o":{"x":[0.167],"y":[0.167]},"t":103,"s":[100]},{"t":118.000004806239,"s":[0]}],"ix":11},"r":{"a":0,"k":0,"ix":10},"p":{"a":1,"k":[{"i":{"x":0.833,"y":0.833},"o":{"x":0.167,"y":0.167},"t":22,"s":[612,489,0],"to":[-27,2.667,0],"ti":[13.667,-2.333,0]},{"i":{"x":0.833,"y":0.833},"o":{"x":0.167,"y":0.167},"t":28,"s":[450,505,0],"to":[-13.667,2.333,0],"ti":[-13.333,0.333,0]},{"t":35.0000014255792,"s":[530,503,0]}],"ix":2},"a":{"a":0,"k":[0,0,0],"ix":1},"s":{"a":0,"k":[140,140,100],"ix":6}},"ao":0,"t":{"d":{"k":[{"s":{"s":66,"f":"Quicksand-SemiBold","t":"e","j":0,"tr":-30,"lh":79.2,"ls":0,"fc":[1,1,1]},"t":0}]},"p":{},"m":{"g":1,"a":{"a":0,"k":[0,0],"ix":2}},"a":[]},"ip":0,"op":240.0000097754,"st":0,"bm":0},{"ddd":0,"ind":22,"ty":5,"nm":"m","sr":1,"ks":{"o":{"a":1,"k":[{"i":{"x":[0.833],"y":[0.833]},"o":{"x":[0.167],"y":[0.167]},"t":0,"s":[0]},{"i":{"x":[0.833],"y":[0.833]},"o":{"x":[0.167],"y":[0.167]},"t":5,"s":[100]},{"i":{"x":[0.833],"y":[0.833]},"o":{"x":[0.167],"y":[0.167]},"t":103,"s":[100]},{"t":118.000004806239,"s":[0]}],"ix":11},"r":{"a":0,"k":0,"ix":10},"p":{"a":1,"k":[{"i":{"x":0.833,"y":0.833},"o":{"x":0.167,"y":0.167},"t":21,"s":[492,591,0],"to":[-17,-14.333,0],"ti":[7,14.667,0]},{"i":{"x":0.833,"y":0.833},"o":{"x":0.167,"y":0.167},"t":28,"s":[390,505,0],"to":[-7,-14.667,0],"ti":[-10,0.333,0]},{"t":35.0000014255792,"s":[450,503,0]}],"ix":2},"a":{"a":0,"k":[0,0,0],"ix":1},"s":{"a":0,"k":[140,140,100],"ix":6}},"ao":0,"t":{"d":{"k":[{"s":{"s":66,"f":"Quicksand-SemiBold","t":"m","j":0,"tr":-30,"lh":79.2,"ls":0,"fc":[1,1,1]},"t":0}]},"p":{},"m":{"g":1,"a":{"a":0,"k":[0,0],"ix":2}},"a":[]},"ip":0,"op":240.0000097754,"st":0,"bm":0},{"ddd":0,"ind":23,"ty":5,"nm":"n 2","sr":1,"ks":{"o":{"a":1,"k":[{"i":{"x":[0.833],"y":[0.833]},"o":{"x":[0.167],"y":[0.167]},"t":0,"s":[0]},{"i":{"x":[0.833],"y":[0.833]},"o":{"x":[0.167],"y":[0.167]},"t":5,"s":[100]},{"i":{"x":[0.833],"y":[0.833]},"o":{"x":[0.167],"y":[0.167]},"t":103,"s":[100]},{"t":118.000004806239,"s":[0]}],"ix":11},"r":{"a":0,"k":0,"ix":10},"p":{"a":1,"k":[{"i":{"x":0.833,"y":0.833},"o":{"x":0.167,"y":0.167},"t":16,"s":[369,801,0],"to":[-2.667,-49.333,0],"ti":[-5.167,49.667,0]},{"i":{"x":0.833,"y":0.833},"o":{"x":0.167,"y":0.167},"t":23,"s":[353,505,0],"to":[5.167,-49.667,0],"ti":[-7.833,0.333,0]},{"t":31.0000012626559,"s":[400,503,0]}],"ix":2},"a":{"a":0,"k":[0,0,0],"ix":1},"s":{"a":0,"k":[140,140,100],"ix":6}},"ao":0,"t":{"d":{"k":[{"s":{"s":66,"f":"Quicksand-SemiBold","t":"n","j":0,"tr":-30,"lh":79.2,"ls":0,"fc":[1,1,1]},"t":0}]},"p":{},"m":{"g":1,"a":{"a":0,"k":[0,0],"ix":2}},"a":[]},"ip":0,"op":240.0000097754,"st":0,"bm":0},{"ddd":0,"ind":24,"ty":5,"nm":"o","sr":1,"ks":{"o":{"a":1,"k":[{"i":{"x":[0.833],"y":[0.833]},"o":{"x":[0.167],"y":[0.167]},"t":0,"s":[0]},{"i":{"x":[0.833],"y":[0.833]},"o":{"x":[0.167],"y":[0.167]},"t":5,"s":[100]},{"i":{"x":[0.833],"y":[0.833]},"o":{"x":[0.167],"y":[0.167]},"t":103,"s":[100]},{"t":118.000004806239,"s":[0]}],"ix":11},"r":{"a":0,"k":0,"ix":10},"p":{"a":1,"k":[{"i":{"x":0.833,"y":0.833},"o":{"x":0.167,"y":0.167},"t":12,"s":[279,738,0],"to":[6,-38.667,0],"ti":[-11,39.333,0]},{"i":{"x":0.833,"y":0.833},"o":{"x":0.167,"y":0.167},"t":19,"s":[315,506,0],"to":[11,-39.333,0],"ti":[-5,0.667,0]},{"t":26.0000010590017,"s":[345,502,0]}],"ix":2},"a":{"a":0,"k":[0,0,0],"ix":1},"s":{"a":0,"k":[140,140,100],"ix":6}},"ao":0,"t":{"d":{"k":[{"s":{"s":66,"f":"Quicksand-SemiBold","t":"o","j":0,"tr":-30,"lh":79.2,"ls":0,"fc":[1,1,1]},"t":0}]},"p":{},"m":{"g":1,"a":{"a":0,"k":[0,0],"ix":2}},"a":[]},"ip":0,"op":240.0000097754,"st":0,"bm":0},{"ddd":0,"ind":25,"ty":5,"nm":"r","sr":1,"ks":{"o":{"a":1,"k":[{"i":{"x":[0.833],"y":[0.833]},"o":{"x":[0.167],"y":[0.167]},"t":0,"s":[0]},{"i":{"x":[0.833],"y":[0.833]},"o":{"x":[0.167],"y":[0.167]},"t":5,"s":[100]},{"i":{"x":[0.833],"y":[0.833]},"o":{"x":[0.167],"y":[0.167]},"t":103,"s":[100]},{"t":118.000004806239,"s":[0]}],"ix":11},"r":{"a":0,"k":0,"ix":10},"p":{"a":1,"k":[{"i":{"x":0.833,"y":0.833},"o":{"x":0.167,"y":0.167},"t":9,"s":[531,375,0],"to":[-40.333,21.667,0],"ti":[36.667,-21.333,0]},{"i":{"x":0.833,"y":0.833},"o":{"x":0.167,"y":0.167},"t":16,"s":[289,505,0],"to":[-36.667,21.333,0],"ti":[-3.667,0.333,0]},{"t":24.00000097754,"s":[311,503,0]}],"ix":2},"a":{"a":0,"k":[0,0,0],"ix":1},"s":{"a":0,"k":[140,140,100],"ix":6}},"ao":0,"t":{"d":{"k":[{"s":{"s":66,"f":"Quicksand-SemiBold","t":"r","j":0,"tr":-30,"lh":79.2,"ls":0,"fc":[1,1,1]},"t":0}]},"p":{},"m":{"g":1,"a":{"a":0,"k":[0,0],"ix":2}},"a":[]},"ip":0,"op":240.0000097754,"st":0,"bm":0},{"ddd":0,"ind":26,"ty":5,"nm":"i","sr":1,"ks":{"o":{"a":1,"k":[{"i":{"x":[0.833],"y":[0.833]},"o":{"x":[0.167],"y":[0.167]},"t":0,"s":[0]},{"i":{"x":[0.833],"y":[0.833]},"o":{"x":[0.167],"y":[0.167]},"t":5,"s":[100]},{"i":{"x":[0.833],"y":[0.833]},"o":{"x":[0.167],"y":[0.167]},"t":103,"s":[100]},{"t":118.000004806239,"s":[0]}],"ix":11},"r":{"a":0,"k":0,"ix":10},"p":{"a":1,"k":[{"i":{"x":0.833,"y":0.833},"o":{"x":0.167,"y":0.167},"t":8,"s":[321,288,0],"to":[-8,36.333,0],"ti":[5,-35.833,0]},{"i":{"x":0.833,"y":0.833},"o":{"x":0.167,"y":0.167},"t":15,"s":[273,506,0],"to":[-5,35.833,0],"ti":[-3,0.5,0]},{"t":22.0000008960784,"s":[291,503,0]}],"ix":2},"a":{"a":0,"k":[0,0,0],"ix":1},"s":{"a":0,"k":[140,140,100],"ix":6}},"ao":0,"t":{"d":{"k":[{"s":{"s":66,"f":"Quicksand-SemiBold","t":"i","j":0,"tr":-30,"lh":79.2,"ls":0,"fc":[1,1,1]},"t":0}]},"p":{},"m":{"g":1,"a":{"a":0,"k":[0,0],"ix":2}},"a":[]},"ip":0,"op":240.0000097754,"st":0,"bm":0},{"ddd":0,"ind":27,"ty":5,"nm":"v","sr":1,"ks":{"o":{"a":1,"k":[{"i":{"x":[0.833],"y":[0.833]},"o":{"x":[0.167],"y":[0.167]},"t":0,"s":[0]},{"i":{"x":[0.833],"y":[0.833]},"o":{"x":[0.167],"y":[0.167]},"t":5,"s":[100]},{"i":{"x":[0.833],"y":[0.833]},"o":{"x":[0.167],"y":[0.167]},"t":103,"s":[100]},{"t":118.000004806239,"s":[0]}],"ix":11},"r":{"a":0,"k":0,"ix":10},"p":{"a":1,"k":[{"i":{"x":0.833,"y":0.833},"o":{"x":0.167,"y":0.167},"t":3,"s":[294,225,0],"to":[-9.333,46.667,0],"ti":[8.667,-46.333,0]},{"i":{"x":0.833,"y":0.833},"o":{"x":0.167,"y":0.167},"t":11,"s":[238,505,0],"to":[-8.667,46.333,0],"ti":[-0.667,0.333,0]},{"t":19.0000007738859,"s":[242,503,0]}],"ix":2},"a":{"a":0,"k":[0,0,0],"ix":1},"s":{"a":0,"k":[140,140,100],"ix":6}},"ao":0,"t":{"d":{"k":[{"s":{"s":66,"f":"Quicksand-SemiBold","t":"v","j":0,"tr":-30,"lh":79.2,"ls":0,"fc":[1,1,1]},"t":0}]},"p":{},"m":{"g":1,"a":{"a":0,"k":[0,0],"ix":2}},"a":[]},"ip":0,"op":240.0000097754,"st":0,"bm":0},{"ddd":0,"ind":28,"ty":5,"nm":"n","sr":1,"ks":{"o":{"a":1,"k":[{"i":{"x":[0.833],"y":[0.833]},"o":{"x":[0.167],"y":[0.167]},"t":0,"s":[0]},{"i":{"x":[0.833],"y":[0.833]},"o":{"x":[0.167],"y":[0.167]},"t":5,"s":[100]},{"i":{"x":[0.833],"y":[0.833]},"o":{"x":[0.167],"y":[0.167]},"t":103,"s":[100]},{"t":118.000004806239,"s":[0]}],"ix":11},"r":{"a":0,"k":0,"ix":10},"p":{"a":1,"k":[{"i":{"x":0.833,"y":0.833},"o":{"x":0.167,"y":0.167},"t":0,"s":[249,648,0],"to":[-7.145,-20.578,0],"ti":[12.877,35.742,0]},{"i":{"x":0.833,"y":0.833},"o":{"x":0.167,"y":0.167},"t":7,"s":[204.311,512.292,0],"to":[-2.141,-5.943,0],"ti":[2.052,1.549,0]},{"t":17.0000006924242,"s":[192,503,0]}],"ix":2},"a":{"a":0,"k":[0,0,0],"ix":1},"s":{"a":0,"k":[140,140,100],"ix":6}},"ao":0,"t":{"d":{"k":[{"s":{"s":66,"f":"Quicksand-SemiBold","t":"n","j":0,"tr":-30,"lh":79.2,"ls":0,"fc":[1,1,1]},"t":0}]},"p":{},"m":{"g":1,"a":{"a":0,"k":[0,0],"ix":2}},"a":[]},"ip":0,"op":240.0000097754,"st":0,"bm":0},{"ddd":0,"ind":29,"ty":5,"nm":"E ","sr":1,"ks":{"o":{"a":1,"k":[{"i":{"x":[0.833],"y":[0.833]},"o":{"x":[0.167],"y":[0.167]},"t":0,"s":[0]},{"i":{"x":[0.833],"y":[0.833]},"o":{"x":[0.167],"y":[0.167]},"t":5,"s":[100]},{"i":{"x":[0.833],"y":[0.833]},"o":{"x":[0.167],"y":[0.167]},"t":230,"s":[100]},{"t":239.00000973467,"s":[0]}],"ix":11},"r":{"a":0,"k":0,"ix":10},"p":{"a":1,"k":[{"i":{"x":0.833,"y":0.833},"o":{"x":0.167,"y":0.167},"t":108,"s":[143,502,0],"to":[31,0,0],"ti":[-31,0,0]},{"t":118.000004806239,"s":[329,502,0]}],"ix":2},"a":{"a":0,"k":[0,0,0],"ix":1},"s":{"a":1,"k":[{"i":{"x":[0.833,0.833,0.833],"y":[0.833,0.833,0.833]},"o":{"x":[0.167,0.167,0.167],"y":[0.167,0.167,0.167]},"t":0,"s":[140,140,100]},{"i":{"x":[0.833,0.833,0.833],"y":[0.833,0.833,0.833]},"o":{"x":[0.167,0.167,0.167],"y":[0.167,0.167,0.167]},"t":5,"s":[140,140,100]},{"i":{"x":[0.833,0.833,0.833],"y":[0.833,0.833,0.833]},"o":{"x":[0.167,0.167,0.167],"y":[0.167,0.167,0.167]},"t":108,"s":[140,140,100]},{"t":118.000004806239,"s":[316,316,100]}],"ix":6}},"ao":0,"t":{"d":{"k":[{"s":{"s":66,"f":"Quicksand-SemiBold","t":"E","j":0,"tr":-30,"lh":79.2,"ls":0,"fc":[1,1,1]},"t":0}]},"p":{},"m":{"g":1,"a":{"a":0,"k":[0,0],"ix":2}},"a":[]},"ip":0,"op":270.000010997325,"st":0,"bm":0},{"ddd":0,"ind":30,"ty":5,"nm":"TRUST","sr":1,"ks":{"o":{"a":1,"k":[{"i":{"x":[0.833],"y":[0.833]},"o":{"x":[0.167],"y":[0.167]},"t":129,"s":[0]},{"t":139.000005661586,"s":[100]}],"ix":11},"r":{"a":0,"k":0,"ix":10},"p":{"a":0,"k":[596.75,681,0],"ix":2},"a":{"a":0,"k":[0,0,0],"ix":1},"s":{"a":0,"k":[100,100,100],"ix":6}},"ao":0,"t":{"d":{"k":[{"s":{"s":66,"f":"Quicksand-Medium","t":"TRUST","j":0,"tr":-55,"lh":79.2,"ls":0,"fc":[1,1,1]},"t":0}]},"p":{},"m":{"g":1,"a":{"a":0,"k":[0,0],"ix":2}},"a":[]},"ip":0,"op":335.00001364483,"st":0,"bm":0},{"ddd":0,"ind":31,"ty":4,"nm":"green/ESG-venn ","sr":1,"ks":{"o":{"a":1,"k":[{"i":{"x":[0.833],"y":[0.833]},"o":{"x":[0.167],"y":[0.167]},"t":81,"s":[100]},{"i":{"x":[0.833],"y":[0.833]},"o":{"x":[0.167],"y":[0.167]},"t":104,"s":[60]},{"i":{"x":[0.833],"y":[0.833]},"o":{"x":[0.167],"y":[0.167]},"t":253,"s":[60]},{"t":266.000010834402,"s":[100]}],"ix":11},"r":{"a":0,"k":0,"ix":10},"p":{"a":1,"k":[{"i":{"x":0.667,"y":1},"o":{"x":0.167,"y":0.167},"t":136,"s":[700,700,0],"to":[85.333,-1.333,0],"ti":[-85.333,1.333,0]},{"i":{"x":0.833,"y":0.833},"o":{"x":0.167,"y":0.167},"t":160,"s":[1212,692,0],"to":[0,0,0],"ti":[0,0,0]},{"i":{"x":0.833,"y":0.833},"o":{"x":0.167,"y":0.167},"t":253,"s":[1212,692,0],"to":[-85.333,1.333,0],"ti":[85.333,-1.333,0]},{"t":266.000010834402,"s":[700,700,0]}],"ix":2},"a":{"a":0,"k":[700,700,0],"ix":1},"s":{"a":0,"k":[100,100,100],"ix":6}},"ao":0,"shapes":[{"ty":"gr","it":[{"ind":0,"ty":"sh","ix":1,"ks":{"a":0,"k":{"i":[[-32.85,-219.322],[219.322,-32.851],[32.85,219.322],[-219.323,32.85]],"o":[[32.85,219.322],[-219.322,32.85],[-32.851,-219.323],[219.322,-32.85]],"v":[[397.118,-59.481],[59.481,397.118],[-397.117,59.481],[-59.48,-397.118]],"c":true},"ix":2},"nm":"Path 1","mn":"ADBE Vector Shape - Group","hd":false},{"ty":"fl","c":{"a":0,"k":[0,0.788235353956,0.411764735802,1],"ix":4},"o":{"a":0,"k":100,"ix":5},"r":1,"bm":0,"nm":"Fill 1","mn":"ADBE Vector Graphic - Fill","hd":false},{"ty":"tr","p":{"a":0,"k":[439.623,492.263],"ix":2},"a":{"a":0,"k":[0,0],"ix":1},"s":{"a":0,"k":[100,100],"ix":3},"r":{"a":0,"k":0,"ix":6},"o":{"a":0,"k":100,"ix":7},"sk":{"a":0,"k":0,"ix":4},"sa":{"a":0,"k":0,"ix":5},"nm":"Transform"}],"nm":"Group 1","np":2,"cix":2,"bm":0,"ix":1,"mn":"ADBE Vector Group","hd":false}],"ip":0,"op":272.000011078787,"st":0,"bm":0},{"ddd":0,"ind":32,"ty":4,"nm":"blue/ESG-venn ","sr":1,"ks":{"o":{"a":1,"k":[{"i":{"x":[0.833],"y":[0.833]},"o":{"x":[0.167],"y":[0.167]},"t":81,"s":[100]},{"i":{"x":[0.833],"y":[0.833]},"o":{"x":[0.167],"y":[0.167]},"t":104,"s":[60]},{"i":{"x":[0.833],"y":[0.833]},"o":{"x":[0.167],"y":[0.167]},"t":253,"s":[60]},{"t":266.000010834402,"s":[100]}],"ix":11},"r":{"a":0,"k":0,"ix":10},"p":{"a":1,"k":[{"i":{"x":0.667,"y":1},"o":{"x":0.167,"y":0.167},"t":136,"s":[700,700,0],"to":[-42,79.333,0],"ti":[42,-79.333,0]},{"i":{"x":0.833,"y":0.833},"o":{"x":0.167,"y":0.167},"t":160,"s":[448,1176,0],"to":[0,0,0],"ti":[0,0,0]},{"i":{"x":0.833,"y":0.833},"o":{"x":0.167,"y":0.167},"t":253,"s":[448,1176,0],"to":[42,-79.333,0],"ti":[-42,79.333,0]},{"t":266.000010834402,"s":[700,700,0]}],"ix":2},"a":{"a":0,"k":[700,700,0],"ix":1},"s":{"a":0,"k":[100,100,100],"ix":6}},"ao":0,"shapes":[{"ty":"gr","it":[{"ind":0,"ty":"sh","ix":1,"ks":{"a":0,"k":{"i":[[-32.85,-219.322],[219.322,-32.85],[32.85,219.323],[-219.322,32.85]],"o":[[32.85,219.322],[-219.322,32.851],[-32.851,-219.322],[219.323,-32.85]],"v":[[397.118,-59.481],[59.481,397.117],[-397.117,59.48],[-59.481,-397.118]],"c":true},"ix":2},"nm":"Path 1","mn":"ADBE Vector Shape - Group","hd":false},{"ty":"fl","c":{"a":0,"k":[0,0.607843137255,0.909803981407,1],"ix":4},"o":{"a":0,"k":100,"ix":5},"r":1,"bm":0,"nm":"Fill 1","mn":"ADBE Vector Graphic - Fill","hd":false},{"ty":"tr","p":{"a":0,"k":[951.836,491.271],"ix":2},"a":{"a":0,"k":[0,0],"ix":1},"s":{"a":0,"k":[100,100],"ix":3},"r":{"a":0,"k":0,"ix":6},"o":{"a":0,"k":100,"ix":7},"sk":{"a":0,"k":0,"ix":4},"sa":{"a":0,"k":0,"ix":5},"nm":"Transform"}],"nm":"Group 1","np":2,"cix":2,"bm":0,"ix":1,"mn":"ADBE Vector Group","hd":false}],"ip":0,"op":272.000011078787,"st":0,"bm":0},{"ddd":0,"ind":33,"ty":4,"nm":"grey/ESG-venn","sr":1,"ks":{"o":{"a":1,"k":[{"i":{"x":[0.833],"y":[0.833]},"o":{"x":[0.167],"y":[0.167]},"t":81,"s":[100]},{"i":{"x":[0.833],"y":[0.833]},"o":{"x":[0.167],"y":[0.167]},"t":104,"s":[60]},{"i":{"x":[0.833],"y":[0.833]},"o":{"x":[0.167],"y":[0.167]},"t":253,"s":[60]},{"t":267.000010875133,"s":[100]}],"ix":11},"r":{"a":0,"k":0,"ix":10},"p":{"a":1,"k":[{"i":{"x":0.667,"y":1},"o":{"x":0.167,"y":0.167},"t":136,"s":[696,756,0],"to":[-45.333,-80.667,0],"ti":[45.333,80.667,0]},{"i":{"x":0.833,"y":0.833},"o":{"x":0.167,"y":0.167},"t":160,"s":[424,272,0],"to":[0,0,0],"ti":[0,0,0]},{"i":{"x":0.833,"y":0.833},"o":{"x":0.167,"y":0.167},"t":253,"s":[424,272,0],"to":[45.333,80.667,0],"ti":[-45.333,-80.667,0]},{"t":266.000010834402,"s":[696,756,0]}],"ix":2},"a":{"a":0,"k":[700,700,0],"ix":1},"s":{"a":0,"k":[100,100,100],"ix":6}},"ao":0,"shapes":[{"ty":"gr","it":[{"ind":0,"ty":"sh","ix":1,"ks":{"a":0,"k":{"i":[[-32.85,-219.322],[219.322,-32.851],[32.85,219.322],[-219.323,32.85]],"o":[[32.85,219.322],[-219.322,32.85],[-32.851,-219.323],[219.322,-32.85]],"v":[[397.118,-59.481],[59.481,397.118],[-397.117,59.481],[-59.48,-397.118]],"c":true},"ix":2},"nm":"Path 1","mn":"ADBE Vector Shape - Group","hd":false},{"ty":"fl","c":{"a":0,"k":[0.658823529412,0.658823529412,0.658823529412,1],"ix":4},"o":{"a":0,"k":100,"ix":5},"r":1,"bm":0,"nm":"Fill 1","mn":"ADBE Vector Graphic - Fill","hd":false},{"ty":"tr","p":{"a":0,"k":[713.68,913.398],"ix":2},"a":{"a":0,"k":[0,0],"ix":1},"s":{"a":0,"k":[100,100],"ix":3},"r":{"a":0,"k":0,"ix":6},"o":{"a":0,"k":100,"ix":7},"sk":{"a":0,"k":0,"ix":4},"sa":{"a":0,"k":0,"ix":5},"nm":"Transform"}],"nm":"Group 1","np":2,"cix":2,"bm":0,"ix":1,"mn":"ADBE Vector Group","hd":false}],"ip":0,"op":272.000011078787,"st":0,"bm":0}],"markers":[],"chars":[{"ch":"T","size":66,"style":"Light","w":64.1,"data":{"shapes":[{"ty":"gr","it":[{"ind":0,"ty":"sh","ix":1,"ks":{"a":0,"k":{"i":[[-0.8,0.8],[0,1.134],[0,0],[0,0],[0,0],[-0.767,-0.8],[-1.267,0]],"o":[[0.8,-0.8],[0,0],[0,0],[0,0],[0,1.134],[0.766,0.8],[1.266,0]],"v":[[33.6,-1.2],[34.8,-4.1],[34.8,-65.8],[26.3,-65.8],[26.3,-4.1],[27.45,-1.2],[30.5,0]],"c":true},"ix":2},"nm":"T","mn":"ADBE Vector Shape - Group","hd":false},{"ind":1,"ty":"sh","ix":2,"ks":{"a":0,"k":{"i":[[0,0],[-0.8,0.7],[0,1.134],[0.8,0.734],[1.133,0],[0,0],[0.8,-0.7],[0,-1.133],[-0.8,-0.733],[-1.134,0]],"o":[[1.133,0],[0.8,-0.7],[0,-1.133],[-0.8,-0.733],[0,0],[-1.134,0],[-0.8,0.7],[0,1.134],[0.8,0.734],[0,0]],"v":[[53.8,-62.3],[56.7,-63.35],[57.9,-66.1],[56.7,-68.9],[53.8,-70],[7.3,-70],[4.4,-68.95],[3.2,-66.2],[4.4,-63.4],[7.3,-62.3]],"c":true},"ix":2},"nm":"T","mn":"ADBE Vector Shape - Group","hd":false}],"nm":"T","np":5,"cix":2,"bm":0,"ix":1,"mn":"ADBE Vector Group","hd":false}]},"fFamily":"Quicksand"},{"ch":"R","size":66,"style":"Light","w":67.6,"data":{"shapes":[{"ty":"gr","it":[{"ind":0,"ty":"sh","ix":1,"ks":{"a":0,"k":{"i":[[-0.667,0.8],[0,1.134],[0,0],[0,0],[0,0],[-1.4,-0.366],[-1.1,-0.833],[-0.7,-1.433],[0,-2.066],[-0.634,-2.2],[-1.034,-1.166],[-1,-0.6],[-0.734,-0.1],[-0.734,0.234],[-0.4,0.667],[0.3,1],[0.933,0.6],[0.4,0.834],[0.2,1.467],[0.133,2.467],[1.133,2.1],[1.8,1.367],[2.266,0.467],[0,0],[-1.867,1.8],[-1.067,2.434],[0,2.8],[1.766,3],[3,1.7],[3.733,0],[0,0],[0.8,-0.8],[0,-1.133],[0,0],[-0.934,-0.8],[-1.267,0]],"o":[[0.666,-0.8],[0,0],[0,0],[0,0],[1.466,0],[1.4,0.367],[1.1,0.834],[0.7,1.434],[0,3.8],[0.633,2.2],[1.033,1.167],[0.6,0.334],[0.733,0.1],[0.733,-0.233],[0.666,-0.933],[-0.3,-1],[-0.734,-0.466],[-0.4,-0.833],[-0.2,-1.466],[-0.067,-2.8],[-1.134,-2.1],[-1.8,-1.366],[0,0],[2.4,-0.866],[1.866,-1.8],[1.066,-2.433],[0,-3.8],[-1.767,-3],[-3,-1.7],[0,0],[-1.134,0],[-0.8,0.8],[0,0],[0,1.134],[0.933,0.8],[1.133,0]],"v":[[16.1,-1.2],[17.1,-4.1],[17.1,-30.1],[15.9,-28.4],[38.2,-28.4],[42.5,-27.85],[46.25,-26.05],[48.95,-22.65],[50,-17.4],[50.95,-8.4],[53.45,-3.35],[56.5,-0.7],[58.5,-0.05],[60.7,-0.25],[62.4,-1.6],[62.95,-4.5],[61.1,-6.9],[59.4,-8.85],[58.5,-12.3],[58,-18.2],[56.2,-25.55],[51.8,-30.75],[45.7,-33.5],[47.9,-32],[54.3,-36],[58.7,-42.35],[60.3,-50.2],[57.65,-60.4],[50.5,-67.45],[40.4,-70],[12.8,-70],[9.9,-68.8],[8.7,-65.9],[8.7,-4.1],[10.1,-1.2],[13.4,0]],"c":true},"ix":2},"nm":"R","mn":"ADBE Vector Shape - Group","hd":false},{"ind":1,"ty":"sh","ix":2,"ks":{"a":0,"k":{"i":[[0,0],[0,0],[0,0],[0,0],[-2.234,-2.333],[0,-3.466],[1.066,-2.133],[1.7,-1.2],[1.933,-0.133],[0,0]],"o":[[0,0],[0,0],[0,0],[3.333,0],[2.233,2.334],[0,2.8],[-1.067,2.134],[-1.7,1.2],[0,0],[0,0]],"v":[[17.1,-33.8],[17.1,-64.2],[16.3,-62.2],[39.9,-62.2],[48.25,-58.7],[51.6,-50],[50,-42.6],[45.85,-37.6],[40.4,-35.6],[15.9,-35.6]],"c":true},"ix":2},"nm":"R","mn":"ADBE Vector Shape - Group","hd":false}],"nm":"R","np":5,"cix":2,"bm":0,"ix":1,"mn":"ADBE Vector Group","hd":false}]},"fFamily":"Quicksand"},{"ch":"U","size":66,"style":"Light","w":71,"data":{"shapes":[{"ty":"gr","it":[{"ind":0,"ty":"sh","ix":1,"ks":{"a":0,"k":{"i":[[0.7,-0.8],[0,-1.133],[0,0],[1.733,-2.866],[2.866,-1.633],[3.466,0],[2.833,1.634],[1.666,2.867],[0,3.667],[0,0],[0.833,0.8],[1.066,0],[0.8,-0.8],[0,-1.133],[0,0],[-2.367,-4.066],[-4.034,-2.366],[-5.067,0],[-4,2.367],[-2.367,4.067],[0,5.134],[0,0],[0.733,0.8],[1.2,0]],"o":[[-0.7,0.8],[0,0],[0,3.667],[-1.734,2.867],[-2.867,1.634],[-3.267,0],[-2.834,-1.633],[-1.667,-2.866],[0,0],[0,-1.133],[-0.834,-0.8],[-1.267,0],[-0.8,0.8],[0,0],[0,5.134],[2.366,4.067],[4.033,2.367],[5.133,0],[4,-2.366],[2.366,-4.066],[0,0],[0,-1.133],[-0.734,-0.8],[-1.134,0]],"v":[[55.55,-68.9],[54.5,-66],[54.5,-26.3],[51.9,-16.5],[45,-9.75],[35.5,-7.3],[26.35,-9.75],[19.6,-16.5],[17.1,-26.3],[17.1,-66],[15.85,-68.9],[13,-70.1],[9.9,-68.9],[8.7,-66],[8.7,-26.3],[12.25,-12.5],[21.85,-2.85],[35.5,0.7],[49.2,-2.85],[58.75,-12.5],[62.3,-26.3],[62.3,-66],[61.2,-68.9],[58.3,-70.1]],"c":true},"ix":2},"nm":"U","mn":"ADBE Vector Shape - Group","hd":false}],"nm":"U","np":3,"cix":2,"bm":0,"ix":1,"mn":"ADBE Vector Group","hd":false}]},"fFamily":"Quicksand"},{"ch":"S","size":66,"style":"Light","w":57.4,"data":{"shapes":[{"ty":"gr","it":[{"ind":0,"ty":"sh","ix":1,"ks":{"a":0,"k":{"i":[[-3.567,1.666],[-2.067,2.867],[0,3.667],[1.1,2.367],[2,1.534],[2.766,1.034],[3.266,0.8],[2.466,1.034],[1.466,1.634],[0,2.534],[-1.3,1.6],[-2.334,0.9],[-3.067,0],[-2.034,-0.6],[-1.767,-1],[-1.134,-1.266],[-0.734,0],[-0.834,0.834],[0,0.934],[1.333,1.267],[3.633,1.334],[4.066,0],[3.566,-1.6],[2,-2.833],[0,-3.8],[-1.034,-2.233],[-1.9,-1.566],[-2.567,-1.033],[-3.067,-0.733],[-2.634,-1.133],[-1.5,-1.733],[0,-2.666],[1.4,-1.666],[2.333,-0.933],[2.933,0],[3.033,1.334],[2.6,2.534],[0.933,0],[0.766,-0.833],[0,-1.066],[-0.3,-0.6],[-0.467,-0.4],[-3.734,-1.466],[-4.934,0]],"o":[[3.566,-1.666],[2.066,-2.866],[0,-3.466],[-1.1,-2.366],[-2,-1.533],[-2.767,-1.033],[-3,-0.8],[-2.467,-1.033],[-1.467,-1.633],[0,-2.266],[1.3,-1.6],[2.333,-0.9],[2.066,0],[2.033,0.6],[1.766,1],[0.6,0.467],[1.066,0],[0.833,-0.833],[0,-1.266],[-2.2,-2.333],[-3.634,-1.333],[-4.6,0],[-3.567,1.6],[-2,2.834],[0,3.067],[1.033,2.234],[1.9,1.567],[2.566,1.034],[3.466,0.867],[2.633,1.134],[1.5,1.734],[0,2.2],[-1.4,1.667],[-2.334,0.934],[-3.8,0],[-3.034,-1.333],[-0.734,-0.733],[-1.134,0],[-0.767,0.834],[0,0.667],[0.3,0.6],[3.466,3.2],[3.733,1.466],[4.466,0]],"v":[[41.25,-1.5],[49.7,-8.3],[52.8,-18.1],[51.15,-26.85],[46.5,-32.7],[39.35,-36.55],[30.3,-39.3],[22.1,-42.05],[16.2,-46.05],[14,-52.3],[15.95,-58.1],[21.4,-61.85],[29.5,-63.2],[35.65,-62.3],[41.35,-59.9],[45.7,-56.5],[47.7,-55.8],[50.55,-57.05],[51.8,-59.7],[49.8,-63.5],[41.05,-69],[29.5,-71],[17.25,-68.6],[8.9,-61.95],[5.9,-52],[7.45,-44.05],[11.85,-38.35],[18.55,-34.45],[27,-31.8],[36.15,-28.8],[42.35,-24.5],[44.6,-17.9],[42.5,-12.1],[36.9,-8.2],[29,-6.8],[18.75,-8.8],[10.3,-14.6],[7.8,-15.7],[4.95,-14.45],[3.8,-11.6],[4.25,-9.7],[5.4,-8.2],[16.2,-1.2],[29.2,1]],"c":true},"ix":2},"nm":"S","mn":"ADBE Vector Shape - Group","hd":false}],"nm":"S","np":3,"cix":2,"bm":0,"ix":1,"mn":"ADBE Vector Group","hd":false}]},"fFamily":"Quicksand"},{"ch":"E","size":66,"style":"Light","w":57.1,"data":{"shapes":[{"ty":"gr","it":[{"ind":0,"ty":"sh","ix":1,"ks":{"a":0,"k":{"i":[[0.966,-0.966],[0,-1.466],[0,0],[-0.967,-0.966],[-1.467,0],[0,0],[-0.967,0.9],[0,1.4],[0.966,0.967],[1.466,0],[0,0],[0,0],[0,0],[0,0],[0,0],[-0.967,0.867],[0,1.4],[0.966,0.934],[1.466,0],[0,0],[0,0],[0,0],[0,0],[0,0],[-0.967,0.867],[0,1.4],[0.966,0.934],[1.466,0],[0,0]],"o":[[-0.967,0.967],[0,0],[0,1.467],[0.966,0.967],[0,0],[1.466,0],[0.966,-0.9],[0,-1.266],[-0.967,-0.966],[0,0],[0,0],[0,0],[0,0],[0,0],[1.466,0],[0.966,-0.866],[0,-1.466],[-0.967,-0.933],[0,0],[0,0],[0,0],[0,0],[0,0],[1.466,0],[0.966,-0.866],[0,-1.4],[-0.967,-0.933],[0,0],[-1.467,0]],"v":[[9.55,-68.55],[8.1,-64.9],[8.1,-5.1],[9.55,-1.45],[13.2,0],[47.7,0],[51.35,-1.35],[52.8,-4.8],[51.35,-8.15],[47.7,-9.6],[17.9,-9.6],[18.6,-8.8],[18.6,-31.9],[17.9,-31],[43.2,-31],[46.85,-32.3],[48.3,-35.7],[46.85,-39.3],[43.2,-40.7],[17.7,-40.7],[18.6,-39.7],[18.6,-62.1],[17.6,-60.4],[47.7,-60.4],[51.35,-61.7],[52.8,-65.1],[51.35,-68.6],[47.7,-70],[13.2,-70]],"c":true},"ix":2},"nm":"E","mn":"ADBE Vector Shape - Group","hd":false}],"nm":"E","np":3,"cix":2,"bm":0,"ix":1,"mn":"ADBE Vector Group","hd":false}]},"fFamily":"Quicksand"},{"ch":"n","size":66,"style":"Light","w":59,"data":{"shapes":[{"ty":"gr","it":[{"ind":0,"ty":"sh","ix":1,"ks":{"a":0,"k":{"i":[[2.066,-0.766],[1.666,-1.3],[1.166,-1.5],[0.466,-1.466],[0,0],[0,0],[0.966,0.967],[1.4,0],[0.966,-0.966],[0,-1.466],[0,0],[-0.967,-0.966],[-1.467,0],[-0.967,0.967],[0,1.467],[0,0],[-1.167,1.9],[-2.067,1.134],[-2.734,0],[-1.6,-1.133],[-0.667,-1.9],[0,-2.4],[0,0],[-0.967,-0.966],[-1.467,0],[-0.967,0.967],[0,1.467],[0,0],[1.033,3.3],[2.6,1.967],[4.733,0]],"o":[[-2.067,0.767],[-1.667,1.3],[-1.167,1.5],[0,0],[0,0],[0,-1.466],[-0.967,-0.966],[-1.467,0],[-0.967,0.967],[0,0],[0,1.467],[0.966,0.967],[1.4,0],[0.966,-0.966],[0,0],[0,-2.4],[1.166,-1.9],[2.066,-1.133],[2.933,0],[1.6,1.134],[0.666,1.9],[0,0],[0,1.467],[0.966,0.967],[1.4,0],[0.966,-0.966],[0,0],[0,-4.066],[-1.034,-3.3],[-2.6,-1.966],[-2.334,0]],"v":[[27.5,-52.65],[21.9,-49.55],[17.65,-45.35],[15.2,-40.9],[17,-41.9],[17,-47.5],[15.55,-51.15],[12,-52.6],[8.35,-51.15],[6.9,-47.5],[6.9,-5.1],[8.35,-1.45],[12,0],[15.55,-1.45],[17,-5.1],[17,-31.8],[18.75,-38.25],[23.6,-42.8],[30.8,-44.5],[37.6,-42.8],[41,-38.25],[42,-31.8],[42,-5.1],[43.45,-1.45],[47.1,0],[50.65,-1.45],[52.1,-5.1],[52.1,-31.9],[50.55,-42.95],[45.1,-50.85],[34.1,-53.8]],"c":true},"ix":2},"nm":"n","mn":"ADBE Vector Shape - Group","hd":false}],"nm":"n","np":3,"cix":2,"bm":0,"ix":1,"mn":"ADBE Vector Group","hd":false}]},"fFamily":"Quicksand"},{"ch":"v","size":66,"style":"Light","w":60.1,"data":{"shapes":[{"ty":"gr","it":[{"ind":0,"ty":"sh","ix":1,"ks":{"a":0,"k":{"i":[[0.9,-1],[0,-1],[-0.134,-0.433],[-0.134,-0.333],[0,0],[-1,-0.566],[-1,0.133],[-0.867,2],[0,0],[-0.134,0.467],[0,0.4],[0.9,0.867],[1.333,0],[0.933,-2.2],[0,0],[0,0],[0,0],[0.9,0.534],[1,0]],"o":[[-0.9,1],[0,0.6],[0.133,0.434],[0,0],[0.466,1.134],[1,0.567],[2,-0.133],[0,0],[0.2,-0.333],[0.133,-0.466],[0,-1.266],[-0.9,-0.866],[-2.067,-0.066],[0,0],[0,0],[0,0],[-0.4,-1.066],[-0.9,-0.533],[-1.534,0]],"v":[[4.55,-51.6],[3.2,-48.6],[3.4,-47.05],[3.8,-45.9],[22.7,-3.2],[24.9,-0.65],[27.9,0],[32.2,-3.2],[51.2,-46],[51.7,-47.2],[51.9,-48.5],[50.55,-51.7],[47.2,-53],[42.7,-49.8],[26.8,-12.7],[28.7,-13.6],[13,-49.9],[11.05,-52.3],[8.2,-53.1]],"c":true},"ix":2},"nm":"v","mn":"ADBE Vector Shape - Group","hd":false}],"nm":"v","np":3,"cix":2,"bm":0,"ix":1,"mn":"ADBE Vector Group","hd":false}]},"fFamily":"Quicksand"},{"ch":"i","size":66,"style":"Light","w":22.9,"data":{"shapes":[{"ty":"gr","it":[{"ind":0,"ty":"sh","ix":1,"ks":{"a":0,"k":{"i":[[0,0],[0.933,0.967],[1.466,0],[0.966,-0.966],[0,-1.466],[0,0],[-0.934,-0.966],[-1.467,0],[-0.934,0.967],[0,1.467]],"o":[[0,-1.466],[-0.934,-0.966],[-1.4,0],[-0.967,0.967],[0,0],[0,1.467],[0.933,0.967],[1.466,0],[0.933,-0.966],[0,0]],"v":[[16.4,-47.9],[15,-51.55],[11.4,-53],[7.85,-51.55],[6.4,-47.9],[6.4,-5.1],[7.8,-1.45],[11.4,0],[15,-1.45],[16.4,-5.1]],"c":true},"ix":2},"nm":"i","mn":"ADBE Vector Shape - Group","hd":false},{"ind":1,"ty":"sh","ix":2,"ks":{"a":0,"k":{"i":[[-0.9,0.667],[0,1.734],[0,0],[0.866,0.7],[2,0],[0.933,-0.666],[0,-1.666],[0,0],[-0.867,-0.7],[-1.934,0]],"o":[[0.9,-0.666],[0,0],[0,-1.6],[-0.867,-0.7],[-1.867,0],[-0.934,0.667],[0,0],[0,1.667],[0.866,0.7],[2,0]],"v":[[15.65,-60.6],[17,-64.2],[17,-65.8],[15.7,-69.25],[11.4,-70.3],[7.2,-69.3],[5.8,-65.8],[5.8,-64.2],[7.1,-60.65],[11.3,-59.6]],"c":true},"ix":2},"nm":"i","mn":"ADBE Vector Shape - Group","hd":false}],"nm":"i","np":5,"cix":2,"bm":0,"ix":1,"mn":"ADBE Vector Group","hd":false}]},"fFamily":"Quicksand"},{"ch":"r","size":66,"style":"Light","w":41.8,"data":{"shapes":[{"ty":"gr","it":[{"ind":0,"ty":"sh","ix":1,"ks":{"a":0,"k":{"i":[[-0.967,0.967],[0,1.467],[0,0],[-0.7,1.934],[-1.2,1.434],[-1.467,0.734],[-1.4,0],[-0.934,-0.433],[-1,0],[-0.934,0.834],[0,1.8],[1.266,0.934],[1.733,0],[1.9,-0.666],[1.533,-1.2],[1.1,-1.6],[0.533,-1.866],[0,0],[0,0],[0.966,0.967],[1.4,0],[0.966,-0.966],[0,-1.466],[0,0],[-0.967,-0.966],[-1.467,0]],"o":[[0.966,-0.966],[0,0],[0,-2.4],[0.7,-1.933],[1.2,-1.433],[1.466,-0.733],[1.266,0],[0.933,0.434],[1.133,0],[0.933,-0.833],[0,-1.4],[-1.267,-0.933],[-2.067,0],[-1.9,0.667],[-1.534,1.2],[-1.1,1.6],[0,0],[0,0],[0,-1.466],[-0.967,-0.966],[-1.467,0],[-0.967,0.967],[0,0],[0,1.467],[0.966,0.967],[1.4,0]],"v":[[15.55,-1.45],[17,-5.1],[17,-29.1],[18.05,-35.6],[20.9,-40.65],[24.9,-43.9],[29.2,-45],[32.5,-44.35],[35.4,-43.7],[38.5,-44.95],[39.9,-48.9],[38,-52.4],[33.5,-53.8],[27.55,-52.8],[22.4,-50],[18.45,-45.8],[16,-40.6],[17,-36.3],[17,-47.5],[15.55,-51.15],[12,-52.6],[8.35,-51.15],[6.9,-47.5],[6.9,-5.1],[8.35,-1.45],[12,0]],"c":true},"ix":2},"nm":"r","mn":"ADBE Vector Shape - Group","hd":false}],"nm":"r","np":3,"cix":2,"bm":0,"ix":1,"mn":"ADBE Vector Group","hd":false}]},"fFamily":"Quicksand"},{"ch":"o","size":66,"style":"Light","w":61.7,"data":{"shapes":[{"ty":"gr","it":[{"ind":0,"ty":"sh","ix":1,"ks":{"a":0,"k":{"i":[[2.333,4.1],[4,2.367],[5,0],[4,-2.366],[2.366,-4.1],[0,-5.4],[-2.367,-4.1],[-4,-2.333],[-5,0],[-4,2.334],[-2.334,4.1],[0,5.334]],"o":[[-2.334,-4.1],[-4,-2.366],[-5,0],[-4,2.367],[-2.367,4.1],[0,5.334],[2.366,4.1],[4,2.334],[5,0],[4,-2.333],[2.333,-4.1],[0,-5.4]],"v":[[53.9,-40.55],[44.4,-50.25],[30.9,-53.8],[17.4,-50.25],[7.85,-40.55],[4.3,-26.3],[7.85,-12.15],[17.4,-2.5],[30.9,1],[44.4,-2.5],[53.9,-12.15],[57.4,-26.3]],"c":true},"ix":2},"nm":"o","mn":"ADBE Vector Shape - Group","hd":false},{"ind":1,"ty":"sh","ix":2,"ks":{"a":0,"k":{"i":[[1.466,-2.733],[2.5,-1.533],[3.066,0],[2.533,1.534],[1.466,2.734],[0,3.534],[-1.467,2.7],[-2.534,1.534],[-3.067,0],[-2.5,-1.533],[-1.467,-2.7],[0,-3.666]],"o":[[-1.467,2.734],[-2.5,1.534],[-3.067,0],[-2.534,-1.533],[-1.467,-2.733],[0,-3.666],[1.466,-2.7],[2.533,-1.533],[3.066,0],[2.5,1.534],[1.466,2.7],[0,3.534]],"v":[[45.2,-16.9],[39.25,-10.5],[30.9,-8.2],[22.5,-10.5],[16.5,-16.9],[14.3,-26.3],[16.5,-35.85],[22.5,-42.2],[30.9,-44.5],[39.25,-42.2],[45.2,-35.85],[47.4,-26.3]],"c":true},"ix":2},"nm":"o","mn":"ADBE Vector Shape - Group","hd":false}],"nm":"o","np":5,"cix":2,"bm":0,"ix":1,"mn":"ADBE Vector Group","hd":false}]},"fFamily":"Quicksand"},{"ch":"m","size":66,"style":"Light","w":91.9,"data":{"shapes":[{"ty":"gr","it":[{"ind":0,"ty":"sh","ix":1,"ks":{"a":0,"k":{"i":[[2,-0.8],[1.633,-1.266],[1.066,-1.533],[0.466,-1.466],[0,0],[0,0],[0.966,0.967],[1.4,0],[0.966,-0.966],[0,-1.466],[0,0],[-0.967,-0.966],[-1.467,0],[-0.967,0.967],[0,1.467],[0,0],[-1.1,1.9],[-2,1.167],[-2.6,0],[-1.534,-1.166],[-0.634,-1.9],[0,-2.333],[0,0],[-0.934,-0.966],[-1.467,0],[-0.934,0.967],[0,1.467],[0,0],[-1.134,1.934],[-2,1.167],[-2.667,0],[-1.567,-1.166],[-0.634,-1.933],[0,-2.333],[0,0],[-0.934,-0.966],[-1.467,0],[-0.934,0.967],[0,1.467],[0,0],[1,3.3],[2.533,1.967],[4.6,0],[2.466,-1.166],[1.766,-1.766],[0.866,-1.733],[0,0],[0,0],[2.666,2.434],[4.933,0]],"o":[[-2,0.8],[-1.634,1.267],[-1.067,1.534],[0,0],[0,0],[0,-1.466],[-0.967,-0.966],[-1.467,0],[-0.967,0.967],[0,0],[0,1.467],[0.966,0.967],[1.4,0],[0.966,-0.966],[0,0],[0,-2.333],[1.1,-1.9],[2,-1.166],[2.733,0],[1.533,1.167],[0.633,1.9],[0,0],[0,1.467],[0.933,0.967],[1.466,0],[0.933,-0.966],[0,0],[0,-2.333],[1.133,-1.933],[2,-1.166],[2.733,0],[1.566,1.167],[0.633,1.934],[0,0],[0,1.467],[0.933,0.967],[1.466,0],[0.933,-0.966],[0,0],[0,-4.066],[-1,-3.3],[-2.534,-1.966],[-2.8,0],[-2.467,1.167],[-1.767,1.767],[0,0],[0,0],[-0.867,-4.133],[-2.667,-2.433],[-2.334,0]],"v":[[26.9,-52.3],[21.45,-49.2],[17.4,-45],[15.1,-40.5],[17,-41.6],[17,-47.5],[15.55,-51.15],[12,-52.6],[8.35,-51.15],[6.9,-47.5],[6.9,-5.1],[8.35,-1.45],[12,0],[15.55,-1.45],[17,-5.1],[17,-31.6],[18.65,-37.95],[23.3,-42.55],[30.2,-44.3],[36.6,-42.55],[39.85,-37.95],[40.8,-31.6],[40.8,-5.1],[42.2,-1.45],[45.8,0],[49.4,-1.45],[50.8,-5.1],[50.8,-31.5],[52.5,-37.9],[57.2,-42.55],[64.2,-44.3],[70.65,-42.55],[73.95,-37.9],[74.9,-31.5],[74.9,-5.1],[76.3,-1.45],[79.9,0],[83.5,-1.45],[84.9,-5.1],[84.9,-31.6],[83.4,-42.65],[78.1,-50.55],[67.4,-53.5],[59.5,-51.75],[53.15,-47.35],[49.2,-42.1],[48.5,-40.5],[50.1,-40],[44.8,-49.85],[33.4,-53.5]],"c":true},"ix":2},"nm":"m","mn":"ADBE Vector Shape - Group","hd":false}],"nm":"m","np":3,"cix":2,"bm":0,"ix":1,"mn":"ADBE Vector Group","hd":false}]},"fFamily":"Quicksand"},{"ch":"e","size":66,"style":"Light","w":58.2,"data":{"shapes":[{"ty":"gr","it":[{"ind":0,"ty":"sh","ix":1,"ks":{"a":0,"k":{"i":[[-3.167,1.333],[-1.8,1.734],[0,1.467],[0.8,0.834],[1.266,0],[1,-0.6],[1.1,-0.733],[1.566,-0.5],[2.466,0],[2.6,1.5],[1.533,2.734],[0,3.667],[-0.834,2.3],[-1.434,1.4],[-1.834,0.634],[-2,0],[-2.034,-1],[-1.4,-1.733],[-0.2,-2.333],[0,0],[0,0],[0,0],[0,0],[0,0],[-1,0.867],[-0.067,1.334],[1.333,3.1],[2.3,2.3],[2.933,1.3],[3.266,0],[3.8,-2.233],[2.366,-4.166],[0,-5.866],[-2.234,-4.033],[-4.067,-2.3],[-5.534,0]],"o":[[3.166,-1.333],[1.466,-1.2],[0,-1.133],[-0.8,-0.833],[-0.934,0],[-0.8,0.667],[-1.1,0.734],[-1.567,0.5],[-3.134,0],[-2.6,-1.5],[-1.534,-2.733],[0,-3.4],[0.833,-2.3],[1.433,-1.4],[1.833,-0.633],[2.266,0],[2.033,1],[1.4,1.734],[0,0],[0,0],[0,0],[0,0],[0,0],[1.333,0],[1,-0.866],[-0.067,-3.666],[-1.334,-3.1],[-2.3,-2.3],[-2.934,-1.3],[-4.267,0],[-3.8,2.234],[-2.367,4.167],[0,5.2],[2.233,4.034],[4.066,2.3],[3.466,0]],"v":[[41.45,-1],[48.9,-5.6],[51.1,-9.6],[49.9,-12.55],[46.8,-13.8],[43.9,-12.9],[41.05,-10.8],[37.05,-8.95],[31,-8.2],[22.4,-10.45],[16.2,-16.8],[13.9,-26.4],[15.15,-34.95],[18.55,-40.5],[23.45,-43.55],[29.2,-44.5],[35.65,-43],[40.8,-38.9],[43.2,-32.8],[43.2,-30.3],[45.1,-32.1],[7.5,-32.1],[9.9,-23.6],[48.8,-23.6],[52.3,-24.9],[53.9,-28.2],[51.8,-38.35],[46.35,-46.45],[38.5,-51.85],[29.2,-53.8],[17.1,-50.45],[7.85,-40.85],[4.3,-25.8],[7.65,-11.95],[17.1,-2.45],[31.5,1]],"c":true},"ix":2},"nm":"e","mn":"ADBE Vector Shape - Group","hd":false}],"nm":"e","np":3,"cix":2,"bm":0,"ix":1,"mn":"ADBE Vector Group","hd":false}]},"fFamily":"Quicksand"},{"ch":"t","size":66,"style":"Light","w":38.6,"data":{"shapes":[{"ty":"gr","it":[{"ind":0,"ty":"sh","ix":1,"ks":{"a":0,"k":{"i":[[0.9,-0.866],[0,-1.333],[-0.9,-0.9],[-1.334,0],[0,0],[-0.9,0.867],[0,1.334],[0.9,0.9],[1.333,0],[0,0]],"o":[[-0.9,0.867],[0,1.334],[0.9,0.9],[0,0],[1.333,0],[0.9,-0.866],[0,-1.333],[-0.9,-0.9],[0,0],[-1.334,0]],"v":[[2.95,-50.7],[1.6,-47.4],[2.95,-44.05],[6.3,-42.7],[29.8,-42.7],[33.15,-44],[34.5,-47.3],[33.15,-50.65],[29.8,-52],[6.3,-52]],"c":true},"ix":2},"nm":"t","mn":"ADBE Vector Shape - Group","hd":false},{"ind":1,"ty":"sh","ix":2,"ks":{"a":0,"k":{"i":[[1,-0.966],[0,-1.466],[0,0],[-0.967,-1.766],[-1.434,-0.8],[-1.534,-0.2],[-1.134,0],[-1.734,1],[0,1.6],[0.666,0.734],[0.8,0],[0.566,-0.266],[0.733,0],[0.7,0.267],[0.4,0.734],[0,1.2],[0,0],[0.933,0.967],[1.466,0]],"o":[[-1,0.967],[0,0],[0,3.2],[0.966,1.767],[1.433,0.8],[1.533,0.2],[2,0],[1.733,-1],[0,-1.266],[-0.667,-0.733],[-0.8,0],[-0.567,0.267],[-0.734,0],[-0.7,-0.266],[-0.4,-0.733],[0,0],[0,-1.466],[-0.934,-0.966],[-1.4,0]],"v":[[13.2,-63.55],[11.7,-59.9],[11.7,-13.1],[13.15,-5.65],[16.75,-1.8],[21.2,-0.3],[25.2,0],[30.8,-1.5],[33.4,-5.4],[32.4,-8.4],[30.2,-9.5],[28.15,-9.1],[26.2,-8.7],[24.05,-9.1],[22.4,-10.6],[21.8,-13.5],[21.8,-59.9],[20.4,-63.55],[16.8,-65]],"c":true},"ix":2},"nm":"t","mn":"ADBE Vector Shape - Group","hd":false}],"nm":"t","np":5,"cix":2,"bm":0,"ix":1,"mn":"ADBE Vector Group","hd":false}]},"fFamily":"Quicksand"},{"ch":"a","size":66,"style":"Light","w":63.1,"data":{"shapes":[{"ty":"gr","it":[{"ind":0,"ty":"sh","ix":1,"ks":{"a":0,"k":{"i":[[0.933,-1],[0,-1.4],[0,0],[0,0],[1,1.634],[1.8,1.467],[2.433,0.934],[2.866,0],[3.633,-2.333],[2.133,-4.1],[0,-5.4],[-2.134,-4.133],[-3.667,-2.366],[-4.6,0],[-2.267,0.9],[-1.667,1.334],[-0.967,1.5],[0,1.134],[0,0],[0,0],[-0.934,-0.966],[-1.467,0],[-0.934,0.967],[0,1.467],[0,0],[0.933,0.967],[1.466,0]],"o":[[-0.934,1],[0,0],[0,0],[0,-1.466],[-1,-1.633],[-1.8,-1.466],[-2.434,-0.933],[-4.4,0],[-3.634,2.334],[-2.134,4.1],[0,5.267],[2.133,4.134],[3.666,2.367],[2.6,0],[2.266,-0.9],[1.666,-1.333],[0.966,-1.5],[0,0],[0,0],[0,1.467],[0.933,0.967],[1.466,0],[0.933,-0.966],[0,0],[0,-1.466],[-0.934,-0.966],[-1.467,0]],"v":[[46.5,-51.9],[45.1,-48.3],[45.1,-39.2],[48.2,-39.5],[46.7,-44.15],[42.5,-48.8],[36.15,-52.4],[28.2,-53.8],[16.15,-50.3],[7.5,-40.65],[4.3,-26.4],[7.5,-12.3],[16.2,-2.55],[28.6,1],[35.9,-0.35],[41.8,-3.7],[45.75,-7.95],[47.2,-11.9],[45.1,-12.3],[45.1,-5.1],[46.5,-1.45],[50.1,0],[53.7,-1.45],[55.1,-5.1],[55.1,-48.3],[53.7,-51.95],[50.1,-53.4]],"c":true},"ix":2},"nm":"a","mn":"ADBE Vector Shape - Group","hd":false},{"ind":1,"ty":"sh","ix":2,"ks":{"a":0,"k":{"i":[[2.366,1.6],[1.366,2.767],[0,3.4],[-1.367,2.734],[-2.367,1.567],[-3.067,0],[-2.4,-1.566],[-1.334,-2.766],[0,-3.4],[1.333,-2.766],[2.4,-1.6],[3.133,0]],"o":[[-2.367,-1.6],[-1.367,-2.766],[0,-3.466],[1.366,-2.733],[2.366,-1.566],[3.133,0],[2.4,1.567],[1.333,2.767],[0,3.4],[-1.334,2.767],[-2.4,1.6],[-3.067,0]],"v":[[21.55,-10.6],[15.95,-17.15],[13.9,-26.4],[15.95,-35.7],[21.55,-42.15],[29.7,-44.5],[38,-42.15],[43.6,-35.65],[45.6,-26.4],[43.6,-17.15],[38,-10.6],[29.7,-8.2]],"c":true},"ix":2},"nm":"a","mn":"ADBE Vector Shape - Group","hd":false}],"nm":"a","np":5,"cix":2,"bm":0,"ix":1,"mn":"ADBE Vector Group","hd":false}]},"fFamily":"Quicksand"},{"ch":"l","size":66,"style":"Light","w":25.7,"data":{"shapes":[{"ty":"gr","it":[{"ind":0,"ty":"sh","ix":1,"ks":{"a":0,"k":{"i":[[0,0],[0.9,0.967],[1.466,0],[1,-0.966],[0,-1.466],[0,0],[-0.967,-0.966],[-1.4,0],[-0.967,0.967],[0,1.467]],"o":[[0,-1.466],[-0.9,-0.966],[-1.4,0],[-1,0.967],[0,0],[0,1.467],[0.966,0.967],[1.4,0],[0.966,-0.966],[0,0]],"v":[[17.8,-68.9],[16.45,-72.55],[12.9,-74],[9.3,-72.55],[7.8,-68.9],[7.8,-5.1],[9.25,-1.45],[12.8,0],[16.35,-1.45],[17.8,-5.1]],"c":true},"ix":2},"nm":"l","mn":"ADBE Vector Shape - Group","hd":false}],"nm":"l","np":3,"cix":2,"bm":0,"ix":1,"mn":"ADBE Vector Group","hd":false}]},"fFamily":"Quicksand"},{"ch":"S","size":66,"style":"Light","w":58.5,"data":{"shapes":[{"ty":"gr","it":[{"ind":0,"ty":"sh","ix":1,"ks":{"a":0,"k":{"i":[[-3.7,1.666],[-2.267,3],[0,4],[1.066,2.334],[2,1.567],[2.9,1],[3.666,0.8],[2.333,0.9],[1.3,1.434],[0,2.267],[-1.134,1.434],[-2.134,0.834],[-3,0],[-2.034,-0.6],[-1.8,-0.9],[-1.067,-1.133],[-0.934,0],[-0.967,1],[0,1.267],[1.6,1.4],[3.666,1.3],[4.2,0],[3.666,-1.6],[2.133,-2.966],[0,-4.066],[-1,-2.266],[-1.834,-1.633],[-2.667,-1.066],[-3.334,-0.666],[-2.567,-1.066],[-1.334,-1.533],[-0.067,-2.4],[1.333,-1.466],[2.233,-0.866],[2.666,0],[2.766,1.2],[2.533,2.334],[1.066,0],[0.933,-1],[0,-1.266],[-0.367,-0.766],[-0.734,-0.6],[-3.734,-1.3],[-4.8,0]],"o":[[3.7,-1.666],[2.266,-3],[0,-3.466],[-1.067,-2.333],[-2,-1.566],[-2.9,-1],[-3,-0.733],[-2.334,-0.9],[-1.3,-1.433],[0,-2],[1.133,-1.433],[2.133,-0.833],[1.866,0],[2.033,0.6],[1.8,0.9],[0.666,0.534],[1.266,0],[0.966,-1],[0,-1.6],[-2.267,-2.2],[-3.667,-1.3],[-4.6,0],[-3.667,1.6],[-2.134,2.967],[0,2.934],[1,2.267],[1.833,1.634],[2.666,1.067],[3.6,0.667],[2.566,1.067],[1.333,1.534],[0,1.934],[-1.334,1.467],[-2.234,0.867],[-3.734,0],[-2.767,-1.2],[-0.934,-0.733],[-1.4,0],[-0.934,1],[0,0.8],[0.366,0.767],[3.4,3.067],[3.733,1.3],[4.533,0]],"v":[[41.95,-1.5],[50.9,-8.5],[54.3,-19],[52.7,-27.7],[48.1,-33.55],[40.75,-37.4],[30.9,-40.1],[22.9,-42.55],[17.45,-46.05],[15.5,-51.6],[17.2,-56.75],[22.1,-60.15],[29.8,-61.4],[35.65,-60.5],[41.4,-58.25],[45.7,-55.2],[48.1,-54.4],[51.45,-55.9],[52.9,-59.3],[50.5,-63.8],[41.6,-69.05],[29.8,-71],[17.4,-68.6],[8.7,-61.75],[5.5,-51.2],[7,-43.4],[11.25,-37.55],[18,-33.5],[27,-30.9],[36.25,-28.3],[42.1,-24.4],[44.2,-18.5],[42.2,-13.4],[36.85,-9.9],[29.5,-8.6],[19.75,-10.4],[11.8,-15.7],[8.8,-16.8],[5.3,-15.3],[3.9,-11.9],[4.45,-9.55],[6.1,-7.5],[16.8,-0.95],[29.6,1]],"c":true},"ix":2},"nm":"S","mn":"ADBE Vector Shape - Group","hd":false}],"nm":"S","np":3,"cix":2,"bm":0,"ix":1,"mn":"ADBE Vector Group","hd":false}]},"fFamily":"Quicksand"},{"ch":"c","size":66,"style":"Light","w":51.9,"data":{"shapes":[{"ty":"gr","it":[{"ind":0,"ty":"sh","ix":1,"ks":{"a":0,"k":{"i":[[3.9,-2.4],[2.2,-4.1],[0,-5.266],[-2.1,-4.133],[-3.834,-2.4],[-5.134,0],[-2.934,0.866],[-1.767,1.367],[0,1.467],[0.766,0.9],[1.466,0],[0.7,-0.633],[1.066,-0.6],[1.3,-0.3],[1.933,0],[2.5,1.6],[1.433,2.734],[0,3.467],[-1.434,2.7],[-2.567,1.6],[-3.534,0],[-1.467,-0.233],[-0.734,-0.466],[-0.5,-0.5],[-0.634,-0.3],[-1,0],[-0.667,0.967],[0,1.134],[1.566,1.367],[2.8,0.767],[3.6,0]],"o":[[-3.9,2.4],[-2.2,4.1],[0,5.2],[2.1,4.134],[3.833,2.4],[3.6,0],[2.933,-0.866],[1.766,-1.366],[0,-1.333],[-0.767,-0.9],[-1.267,0],[-0.7,0.634],[-0.867,0.467],[-1.3,0.3],[-3.334,0],[-2.5,-1.6],[-1.434,-2.733],[0,-3.466],[1.433,-2.7],[2.566,-1.6],[1.066,0],[1.466,0.234],[0.8,0.4],[0.5,0.5],[0.633,0.3],[1.333,0],[0.666,-0.966],[0,-1.8],[-1.567,-1.366],[-2.8,-0.766],[-5.134,0]],"v":[[16.75,-50.2],[7.6,-40.45],[4.3,-26.4],[7.45,-12.4],[16.35,-2.6],[29.8,1],[39.6,-0.3],[46.65,-3.65],[49.3,-7.9],[48.15,-11.25],[44.8,-12.6],[41.85,-11.65],[39.2,-9.8],[35.95,-8.65],[31.1,-8.2],[22.35,-10.6],[16.45,-17.1],[14.3,-26.4],[16.45,-35.65],[22.45,-42.1],[31.6,-44.5],[35.4,-44.15],[38.7,-43.1],[40.65,-41.75],[42.35,-40.55],[44.8,-40.1],[47.8,-41.55],[48.8,-44.7],[46.45,-49.45],[39.9,-52.65],[30.3,-53.8]],"c":true},"ix":2},"nm":"c","mn":"ADBE Vector Shape - Group","hd":false}],"nm":"c","np":3,"cix":2,"bm":0,"ix":1,"mn":"ADBE Vector Group","hd":false}]},"fFamily":"Quicksand"},{"ch":"G","size":66,"style":"Light","w":69.6,"data":{"shapes":[{"ty":"gr","it":[{"ind":0,"ty":"sh","ix":1,"ks":{"a":0,"k":{"i":[[-3.634,1.133],[-3.067,1.867],[-0.534,0.734],[0,1.067],[0,0],[0.966,0.967],[1.466,0],[0,0],[0.966,-0.933],[0,-1.466],[-0.967,-0.933],[-1.467,0],[0,0],[0,0],[0,0],[0,0],[2.6,-0.566],[2.333,0],[3.866,2.3],[2.233,3.967],[0,4.8],[-2.234,3.9],[-3.867,2.334],[-4.8,0],[-2.134,-0.533],[-1.867,-0.866],[-0.467,-0.133],[-0.467,0],[-0.934,1.034],[0,1.334],[0.4,0.767],[0.866,0.467],[3.033,0.734],[3.266,0],[4.366,-1.833],[3.333,-3.3],[1.866,-4.333],[0,-5.066],[-1.867,-4.333],[-3.334,-3.3],[-4.367,-1.833],[-5.134,0]],"o":[[3.633,-1.133],[0.666,-0.466],[0.533,-0.733],[0,0],[0,-1.466],[-0.967,-0.966],[0,0],[-1.467,0],[-0.967,0.934],[0,1.467],[0.966,0.934],[0,0],[0,0],[0,0],[0,0],[-1.8,0.934],[-2.6,0.567],[-4.8,0],[-3.867,-2.3],[-2.234,-3.966],[0,-4.866],[2.233,-3.9],[3.866,-2.333],[2.333,0],[2.133,0.534],[0.466,0.2],[0.466,0.134],[1.333,0],[0.933,-1.033],[0,-0.8],[-0.4,-0.766],[-2.534,-1.4],[-3.034,-0.733],[-5.134,0],[-4.367,1.834],[-3.334,3.3],[-1.867,4.334],[0,5.067],[1.866,4.334],[3.333,3.3],[4.366,1.833],[3.933,0]],"v":[[51.95,-0.7],[62,-5.2],[63.8,-7],[64.6,-9.7],[64.6,-31.9],[63.15,-35.55],[59.5,-37],[42.3,-37],[38.65,-35.6],[37.2,-32],[38.65,-28.4],[42.3,-27],[55.4,-27],[53.8,-28.4],[53.8,-9.4],[54.6,-12.1],[48,-9.85],[40.6,-9],[27.6,-12.45],[18.45,-21.85],[15.1,-35],[18.45,-48.15],[27.6,-57.5],[40.6,-61],[47.3,-60.2],[53.3,-58.1],[54.7,-57.6],[56.1,-57.4],[59.5,-58.95],[60.9,-62.5],[60.3,-64.85],[58.4,-66.7],[50.05,-69.9],[40.6,-71],[26.35,-68.25],[14.8,-60.55],[7,-49.1],[4.2,-35],[7,-20.9],[14.8,-9.45],[26.35,-1.75],[40.6,1]],"c":true},"ix":2},"nm":"G","mn":"ADBE Vector Shape - Group","hd":false}],"nm":"G","np":3,"cix":2,"bm":0,"ix":1,"mn":"ADBE Vector Group","hd":false}]},"fFamily":"Quicksand"}]}