{"v":"5.9.6","fr":30,"ip":0,"op":161,"w":512,"h":512,"nm":"Statistics","ddd":0,"assets":[],"layers":[{"ddd":0,"ind":1,"ty":4,"nm":"Dot 4","sr":1,"ks":{"o":{"a":0,"k":100,"ix":11},"r":{"a":0,"k":0,"ix":10},"p":{"a":1,"k":[{"i":{"x":0.667,"y":1},"o":{"x":0.333,"y":0},"t":0,"s":[121,277.75,0],"to":[0,-11,0],"ti":[0,11,0]},{"i":{"x":0.667,"y":0.667},"o":{"x":0.333,"y":0.333},"t":20,"s":[121,211.75,0],"to":[0,0,0],"ti":[0,0,0]},{"i":{"x":0.667,"y":1},"o":{"x":0.333,"y":0},"t":40,"s":[121,211.75,0],"to":[0,-8.167,0],"ti":[0,8.167,0]},{"i":{"x":0.667,"y":0.667},"o":{"x":0.333,"y":0.333},"t":60,"s":[121,162.75,0],"to":[0,0,0],"ti":[0,0,0]},{"i":{"x":0.667,"y":1},"o":{"x":0.333,"y":0},"t":80,"s":[121,162.75,0],"to":[0,17,0],"ti":[0,-17,0]},{"i":{"x":0.667,"y":0.667},"o":{"x":0.333,"y":0.333},"t":100,"s":[121,264.75,0],"to":[0,0,0],"ti":[0,0,0]},{"i":{"x":0.667,"y":1},"o":{"x":0.333,"y":0},"t":120,"s":[121,264.75,0],"to":[0,2.167,0],"ti":[0,-2.167,0]},{"t":140,"s":[121,277.75,0]}],"ix":2,"l":2},"a":{"a":0,"k":[0,0,0],"ix":1,"l":2},"s":{"a":0,"k":[100,100,100],"ix":6,"l":2}},"ao":0,"shapes":[{"ty":"gr","it":[{"ind":0,"ty":"sh","ix":1,"ks":{"a":0,"k":{"i":[[-18.611,0],[0,18.611],[18.611,0],[0,-18.611]],"o":[[18.611,0],[0,-18.611],[-18.611,0],[0,18.611]],"v":[[0,33.75],[33.75,0],[0,-33.75],[-33.75,0]],"c":true},"ix":2},"nm":"Path 1","mn":"ADBE Vector Shape - Group","hd":false},{"ty":"gf","o":{"a":0,"k":100,"ix":10},"r":1,"bm":0,"g":{"p":3,"k":{"a":0,"k":[0,1,0.745,0.976,0.5,1,0.845,0.988,1,1,0.945,1],"ix":9}},"s":{"a":0,"k":[-1,169.25],"ix":5},"e":{"a":0,"k":[-1,-205.367],"ix":6},"t":1,"nm":"Gradient Fill 1","mn":"ADBE Vector Graphic - G-Fill","hd":false},{"ty":"tr","p":{"a":0,"k":[0,0],"ix":2},"a":{"a":0,"k":[0,0],"ix":1},"s":{"a":0,"k":[100,100],"ix":3},"r":{"a":0,"k":0,"ix":6},"o":{"a":0,"k":100,"ix":7},"sk":{"a":0,"k":0,"ix":4},"sa":{"a":0,"k":0,"ix":5},"nm":"Transform"}],"nm":"Group 1","np":2,"cix":2,"bm":0,"ix":1,"mn":"ADBE Vector Group","hd":false}],"ip":0,"op":300,"st":0,"ct":1,"bm":0},{"ddd":0,"ind":2,"ty":4,"nm":"Dot 3","sr":1,"ks":{"o":{"a":0,"k":100,"ix":11},"r":{"a":0,"k":0,"ix":10},"p":{"a":1,"k":[{"i":{"x":0.667,"y":1},"o":{"x":0.333,"y":0},"t":0,"s":[211,165.25,0],"to":[0,-4.833,0],"ti":[0,4.833,0]},{"i":{"x":0.667,"y":0.667},"o":{"x":0.333,"y":0.333},"t":20,"s":[211,136.25,0],"to":[0,0,0],"ti":[0,0,0]},{"i":{"x":0.667,"y":1},"o":{"x":0.333,"y":0},"t":40,"s":[211,136.25,0],"to":[0,9.333,0],"ti":[0,-9.333,0]},{"i":{"x":0.667,"y":0.667},"o":{"x":0.333,"y":0.333},"t":60,"s":[211,192.25,0],"to":[0,0,0],"ti":[0,0,0]},{"i":{"x":0.667,"y":1},"o":{"x":0.333,"y":0},"t":80,"s":[211,192.25,0],"to":[0,3.5,0],"ti":[0,-3.5,0]},{"i":{"x":0.667,"y":0.667},"o":{"x":0.333,"y":0.333},"t":100,"s":[211,213.25,0],"to":[0,0,0],"ti":[0,0,0]},{"i":{"x":0.667,"y":1},"o":{"x":0.333,"y":0},"t":120,"s":[211,213.25,0],"to":[0,-8,0],"ti":[0,8,0]},{"t":140,"s":[211,165.25,0]}],"ix":2,"l":2},"a":{"a":0,"k":[0,0,0],"ix":1,"l":2},"s":{"a":0,"k":[100,100,100],"ix":6,"l":2}},"ao":0,"shapes":[{"ty":"gr","it":[{"ind":0,"ty":"sh","ix":1,"ks":{"a":0,"k":{"i":[[-18.611,0],[0,18.611],[18.611,0],[0,-18.611]],"o":[[18.611,0],[0,-18.611],[-18.611,0],[0,18.611]],"v":[[0,33.75],[33.75,0],[0,-33.75],[-33.75,0]],"c":true},"ix":2},"nm":"Path 1","mn":"ADBE Vector Shape - Group","hd":false},{"ty":"gf","o":{"a":0,"k":100,"ix":10},"r":1,"bm":0,"g":{"p":3,"k":{"a":0,"k":[0,1,0.745,0.976,0.5,1,0.845,0.988,1,1,0.945,1],"ix":9}},"s":{"a":0,"k":[-1,281.75],"ix":5},"e":{"a":0,"k":[-1,-92.867],"ix":6},"t":1,"nm":"Gradient Fill 1","mn":"ADBE Vector Graphic - G-Fill","hd":false},{"ty":"tr","p":{"a":0,"k":[0,0],"ix":2},"a":{"a":0,"k":[0,0],"ix":1},"s":{"a":0,"k":[100,100],"ix":3},"r":{"a":0,"k":0,"ix":6},"o":{"a":0,"k":100,"ix":7},"sk":{"a":0,"k":0,"ix":4},"sa":{"a":0,"k":0,"ix":5},"nm":"Transform"}],"nm":"Group 1","np":2,"cix":2,"bm":0,"ix":1,"mn":"ADBE Vector Group","hd":false}],"ip":0,"op":300,"st":0,"ct":1,"bm":0},{"ddd":0,"ind":3,"ty":4,"nm":"Dot 2","sr":1,"ks":{"o":{"a":0,"k":100,"ix":11},"r":{"a":0,"k":0,"ix":10},"p":{"a":1,"k":[{"i":{"x":0.667,"y":1},"o":{"x":0.333,"y":0},"t":0,"s":[301,232.75,0],"to":[0,1.667,0],"ti":[0,-1.667,0]},{"i":{"x":0.667,"y":0.667},"o":{"x":0.333,"y":0.333},"t":20,"s":[301,242.75,0],"to":[0,0,0],"ti":[0,0,0]},{"i":{"x":0.667,"y":1},"o":{"x":0.333,"y":0},"t":40,"s":[301,242.75,0],"to":[0,-8.833,0],"ti":[0,8.833,0]},{"i":{"x":0.667,"y":0.667},"o":{"x":0.333,"y":0.333},"t":60,"s":[301,189.75,0],"to":[0,0,0],"ti":[0,0,0]},{"i":{"x":0.667,"y":1},"o":{"x":0.333,"y":0},"t":80,"s":[301,189.75,0],"to":[0,-8.333,0],"ti":[0,8.333,0]},{"i":{"x":0.667,"y":0.667},"o":{"x":0.333,"y":0.333},"t":100,"s":[301,139.75,0],"to":[0,0,0],"ti":[0,0,0]},{"i":{"x":0.667,"y":1},"o":{"x":0.333,"y":0},"t":120,"s":[301,139.75,0],"to":[0,15.5,0],"ti":[0,-15.5,0]},{"t":140,"s":[301,232.75,0]}],"ix":2,"l":2},"a":{"a":0,"k":[0,0,0],"ix":1,"l":2},"s":{"a":0,"k":[100,100,100],"ix":6,"l":2}},"ao":0,"shapes":[{"ty":"gr","it":[{"ind":0,"ty":"sh","ix":1,"ks":{"a":0,"k":{"i":[[-18.611,0],[0,18.611],[18.611,0],[0,-18.611]],"o":[[18.611,0],[0,-18.611],[-18.611,0],[0,18.611]],"v":[[0,33.75],[33.75,0],[0,-33.75],[-33.75,0]],"c":true},"ix":2},"nm":"Path 1","mn":"ADBE Vector Shape - Group","hd":false},{"ty":"gf","o":{"a":0,"k":100,"ix":10},"r":1,"bm":0,"g":{"p":3,"k":{"a":0,"k":[0,1,0.745,0.976,0.5,1,0.845,0.988,1,1,0.945,1],"ix":9}},"s":{"a":0,"k":[-1,214.25],"ix":5},"e":{"a":0,"k":[-1,-160.367],"ix":6},"t":1,"nm":"Gradient Fill 1","mn":"ADBE Vector Graphic - G-Fill","hd":false},{"ty":"tr","p":{"a":0,"k":[0,0],"ix":2},"a":{"a":0,"k":[0,0],"ix":1},"s":{"a":0,"k":[100,100],"ix":3},"r":{"a":0,"k":0,"ix":6},"o":{"a":0,"k":100,"ix":7},"sk":{"a":0,"k":0,"ix":4},"sa":{"a":0,"k":0,"ix":5},"nm":"Transform"}],"nm":"Group 1","np":2,"cix":2,"bm":0,"ix":1,"mn":"ADBE Vector Group","hd":false}],"ip":0,"op":300,"st":0,"ct":1,"bm":0},{"ddd":0,"ind":4,"ty":4,"nm":"Dot","sr":1,"ks":{"o":{"a":0,"k":100,"ix":11},"r":{"a":0,"k":0,"ix":10},"p":{"a":1,"k":[{"i":{"x":0.667,"y":1},"o":{"x":0.333,"y":0},"t":0,"s":[391,97.75,0],"to":[0,15.833,0],"ti":[0,-15.833,0]},{"i":{"x":0.667,"y":0.667},"o":{"x":0.333,"y":0.333},"t":20,"s":[391,192.75,0],"to":[0,0,0],"ti":[0,0,0]},{"i":{"x":0.667,"y":1},"o":{"x":0.333,"y":0},"t":40,"s":[391,192.75,0],"to":[0,-10.167,0],"ti":[0,10.167,0]},{"i":{"x":0.667,"y":0.667},"o":{"x":0.333,"y":0.333},"t":60,"s":[391,131.75,0],"to":[0,0,0],"ti":[0,0,0]},{"i":{"x":0.667,"y":1},"o":{"x":0.333,"y":0},"t":80,"s":[391,131.75,0],"to":[0,10.333,0],"ti":[0,-10.333,0]},{"i":{"x":0.667,"y":0.667},"o":{"x":0.333,"y":0.333},"t":100,"s":[391,193.75,0],"to":[0,0,0],"ti":[0,0,0]},{"i":{"x":0.667,"y":1},"o":{"x":0.333,"y":0},"t":120,"s":[391,193.75,0],"to":[0,-16,0],"ti":[0,16,0]},{"t":140,"s":[391,97.75,0]}],"ix":2,"l":2},"a":{"a":0,"k":[0,0,0],"ix":1,"l":2},"s":{"a":0,"k":[100,100,100],"ix":6,"l":2}},"ao":0,"shapes":[{"ty":"gr","it":[{"ind":0,"ty":"sh","ix":1,"ks":{"a":0,"k":{"i":[[-18.611,0],[0,18.611],[18.611,0],[0,-18.611]],"o":[[18.611,0],[0,-18.611],[-18.611,0],[0,18.611]],"v":[[0,33.75],[33.75,0],[0,-33.75],[-33.75,0]],"c":true},"ix":2},"nm":"Path 1","mn":"ADBE Vector Shape - Group","hd":false},{"ty":"gf","o":{"a":0,"k":100,"ix":10},"r":1,"bm":0,"g":{"p":3,"k":{"a":0,"k":[0,1,0.745,0.976,0.5,1,0.845,0.988,1,1,0.945,1],"ix":9}},"s":{"a":0,"k":[-1,349.25],"ix":5},"e":{"a":0,"k":[-1,-25.367],"ix":6},"t":1,"nm":"Gradient Fill 1","mn":"ADBE Vector Graphic - G-Fill","hd":false},{"ty":"tr","p":{"a":0,"k":[0,0],"ix":2},"a":{"a":0,"k":[0,0],"ix":1},"s":{"a":0,"k":[100,100],"ix":3},"r":{"a":0,"k":0,"ix":6},"o":{"a":0,"k":100,"ix":7},"sk":{"a":0,"k":0,"ix":4},"sa":{"a":0,"k":0,"ix":5},"nm":"Transform"}],"nm":"Group 1","np":2,"cix":2,"bm":0,"ix":1,"mn":"ADBE Vector Group","hd":false}],"ip":0,"op":300,"st":0,"ct":1,"bm":0},{"ddd":0,"ind":5,"ty":3,"nm":"Bar Line: Path 1 [1.1.0]","cl":"1 0","parent":1,"sr":1,"ks":{"o":{"a":0,"k":0,"ix":11},"r":{"a":0,"k":0,"ix":10},"p":{"a":0,"k":[0.012,0,0],"ix":2,"l":2},"a":{"a":0,"k":[0,0,0],"ix":1,"l":2},"s":{"a":0,"k":[50,50,100],"ix":6,"l":2}},"ao":0,"ip":0,"op":300,"st":0,"bm":0},{"ddd":0,"ind":6,"ty":3,"nm":"Bar Line: Path 1 [1.1.1]","cl":"1 1","parent":2,"sr":1,"ks":{"o":{"a":0,"k":0,"ix":11},"r":{"a":0,"k":0,"ix":10},"p":{"a":0,"k":[0.012,0,0],"ix":2,"l":2},"a":{"a":0,"k":[0,0,0],"ix":1,"l":2},"s":{"a":0,"k":[50,50,100],"ix":6,"l":2}},"ao":0,"ip":0,"op":300,"st":0,"bm":0},{"ddd":0,"ind":7,"ty":3,"nm":"Bar Line: Path 1 [1.1.2]","cl":"1 2","parent":3,"sr":1,"ks":{"o":{"a":0,"k":0,"ix":11},"r":{"a":0,"k":0,"ix":10},"p":{"a":0,"k":[1.199,0,0],"ix":2,"l":2},"a":{"a":0,"k":[0,0,0],"ix":1,"l":2},"s":{"a":0,"k":[50,50,100],"ix":6,"l":2}},"ao":0,"ip":0,"op":300,"st":0,"bm":0},{"ddd":0,"ind":8,"ty":3,"nm":"Bar Line: Path 1 [1.1.3]","cl":"1 3","parent":4,"sr":1,"ks":{"o":{"a":0,"k":0,"ix":11},"r":{"a":0,"k":0,"ix":10},"p":{"a":0,"k":[-1.238,0,0],"ix":2,"l":2},"a":{"a":0,"k":[0,0,0],"ix":1,"l":2},"s":{"a":0,"k":[50,50,100],"ix":6,"l":2}},"ao":0,"ip":0,"op":300,"st":0,"bm":0},{"ddd":0,"ind":9,"ty":4,"nm":"Bar Line","sr":1,"ks":{"o":{"a":0,"k":100,"ix":11},"r":{"a":0,"k":0,"ix":10},"p":{"a":0,"k":[255.387,187.75,0],"ix":2,"l":2},"a":{"a":0,"k":[0,0,0],"ix":1,"l":2},"s":{"a":0,"k":[100,100,100],"ix":6,"l":2}},"ao":0,"ef":[{"ty":5,"nm":"Bar Line: Path 1 [1.1.0]","np":3,"mn":"ADBE Layer Control","ix":1,"en":1,"ef":[{"ty":10,"nm":"Layer","mn":"ADBE Layer Control-0001","ix":1,"v":{"a":0,"k":5,"ix":1}}]},{"ty":5,"nm":"Bar Line: Path 1 [1.1.1]","np":3,"mn":"ADBE Layer Control","ix":2,"en":1,"ef":[{"ty":10,"nm":"Layer","mn":"ADBE Layer Control-0001","ix":1,"v":{"a":0,"k":6,"ix":1}}]},{"ty":5,"nm":"Bar Line: Path 1 [1.1.2]","np":3,"mn":"ADBE Layer Control","ix":3,"en":1,"ef":[{"ty":10,"nm":"Layer","mn":"ADBE Layer Control-0001","ix":1,"v":{"a":0,"k":7,"ix":1}}]},{"ty":5,"nm":"Bar Line: Path 1 [1.1.3]","np":3,"mn":"ADBE Layer Control","ix":4,"en":1,"ef":[{"ty":10,"nm":"Layer","mn":"ADBE Layer Control-0001","ix":1,"v":{"a":0,"k":8,"ix":1}}]}],"shapes":[{"ty":"gr","it":[{"ind":0,"ty":"sh","ix":1,"ks":{"k":[{"s":[{"i":[[0,0],[0,0],[0,0],[0,0]],"o":[[0,0],[0,0],[0,0],[0,0]],"v":[[-134.375,90],[-44.375,-22.5],[46.812,45],[134.375,-90]],"c":false}],"t":0,"i":{"x":1,"y":1},"o":{"x":0,"y":0}},{"s":[{"i":[[0,0],[0,0],[0,0],[0,0]],"o":[[0,0],[0,0],[0,0],[0,0]],"v":[[-134.375,89.526],[-44.375,-22.707],[46.812,45.071],[134.375,-89.318]],"c":false}],"t":1,"i":{"x":1,"y":1},"o":{"x":0,"y":0}},{"s":[{"i":[[0,0],[0,0],[0,0],[0,0]],"o":[[0,0],[0,0],[0,0],[0,0]],"v":[[-134.375,88.152],[-44.375,-23.306],[46.812,45.28],[134.375,-87.34]],"c":false}],"t":2,"i":{"x":1,"y":1},"o":{"x":0,"y":0}},{"s":[{"i":[[0,0],[0,0],[0,0],[0,0]],"o":[[0,0],[0,0],[0,0],[0,0]],"v":[[-134.375,85.987],[-44.375,-24.26],[46.812,45.612],[134.375,-84.223]],"c":false}],"t":3,"i":{"x":1,"y":1},"o":{"x":0,"y":0}},{"s":[{"i":[[0,0],[0,0],[0,0],[0,0]],"o":[[0,0],[0,0],[0,0],[0,0]],"v":[[-134.375,83.136],[-44.375,-25.516],[46.812,46.048],[134.375,-80.119]],"c":false}],"t":4,"i":{"x":1,"y":1},"o":{"x":0,"y":0}},{"s":[{"i":[[0,0],[0,0],[0,0],[0,0]],"o":[[0,0],[0,0],[0,0],[0,0]],"v":[[-134.375,79.685],[-44.375,-27.033],[46.812,46.57],[134.375,-75.153]],"c":false}],"t":5,"i":{"x":1,"y":1},"o":{"x":0,"y":0}},{"s":[{"i":[[0,0],[0,0],[0,0],[0,0]],"o":[[0,0],[0,0],[0,0],[0,0]],"v":[[-134.375,75.742],[-44.375,-28.765],[46.812,47.162],[134.375,-69.476]],"c":false}],"t":6,"i":{"x":1,"y":1},"o":{"x":0,"y":0}},{"s":[{"i":[[0,0],[0,0],[0,0],[0,0]],"o":[[0,0],[0,0],[0,0],[0,0]],"v":[[-134.375,71.402],[-44.375,-30.672],[46.812,47.818],[134.375,-63.233]],"c":false}],"t":7,"i":{"x":1,"y":1},"o":{"x":0,"y":0}},{"s":[{"i":[[0,0],[0,0],[0,0],[0,0]],"o":[[0,0],[0,0],[0,0],[0,0]],"v":[[-134.375,66.756],[-44.375,-32.713],[46.812,48.522],[134.375,-56.549]],"c":false}],"t":8,"i":{"x":1,"y":1},"o":{"x":0,"y":0}},{"s":[{"i":[[0,0],[0,0],[0,0],[0,0]],"o":[[0,0],[0,0],[0,0],[0,0]],"v":[[-134.375,61.92],[-44.375,-34.838],[46.812,49.255],[134.375,-49.587]],"c":false}],"t":9,"i":{"x":1,"y":1},"o":{"x":0,"y":0}},{"s":[{"i":[[0,0],[0,0],[0,0],[0,0]],"o":[[0,0],[0,0],[0,0],[0,0]],"v":[[-134.375,52.07],[-44.375,-39.166],[46.812,50.747],[134.375,-35.398]],"c":false}],"t":11,"i":{"x":1,"y":1},"o":{"x":0,"y":0}},{"s":[{"i":[[0,0],[0,0],[0,0],[0,0]],"o":[[0,0],[0,0],[0,0],[0,0]],"v":[[-134.375,47.237],[-44.375,-41.29],[46.812,51.479],[134.375,-28.441]],"c":false}],"t":12,"i":{"x":1,"y":1},"o":{"x":0,"y":0}},{"s":[{"i":[[0,0],[0,0],[0,0],[0,0]],"o":[[0,0],[0,0],[0,0],[0,0]],"v":[[-134.375,42.596],[-44.375,-43.329],[46.812,52.182],[134.375,-21.767]],"c":false}],"t":13,"i":{"x":1,"y":1},"o":{"x":0,"y":0}},{"s":[{"i":[[0,0],[0,0],[0,0],[0,0]],"o":[[0,0],[0,0],[0,0],[0,0]],"v":[[-134.375,38.259],[-44.375,-45.235],[46.812,52.837],[134.375,-15.522]],"c":false}],"t":14,"i":{"x":1,"y":1},"o":{"x":0,"y":0}},{"s":[{"i":[[0,0],[0,0],[0,0],[0,0]],"o":[[0,0],[0,0],[0,0],[0,0]],"v":[[-134.375,34.315],[-44.375,-46.968],[46.812,53.428],[134.375,-9.848]],"c":false}],"t":15,"i":{"x":1,"y":1},"o":{"x":0,"y":0}},{"s":[{"i":[[0,0],[0,0],[0,0],[0,0]],"o":[[0,0],[0,0],[0,0],[0,0]],"v":[[-134.375,30.865],[-44.375,-48.484],[46.812,53.95],[134.375,-4.88]],"c":false}],"t":16,"i":{"x":1,"y":1},"o":{"x":0,"y":0}},{"s":[{"i":[[0,0],[0,0],[0,0],[0,0]],"o":[[0,0],[0,0],[0,0],[0,0]],"v":[[-134.375,28.013],[-44.375,-49.74],[46.812,54.387],[134.375,-0.776]],"c":false}],"t":17,"i":{"x":1,"y":1},"o":{"x":0,"y":0}},{"s":[{"i":[[0,0],[0,0],[0,0],[0,0]],"o":[[0,0],[0,0],[0,0],[0,0]],"v":[[-134.375,25.848],[-44.375,-50.694],[46.812,54.72],[134.375,2.34]],"c":false}],"t":18,"i":{"x":1,"y":1},"o":{"x":0,"y":0}},{"s":[{"i":[[0,0],[0,0],[0,0],[0,0]],"o":[[0,0],[0,0],[0,0],[0,0]],"v":[[-134.375,24.474],[-44.375,-51.293],[46.812,54.929],[134.375,4.318]],"c":false}],"t":19,"i":{"x":1,"y":1},"o":{"x":0,"y":0}},{"s":[{"i":[[0,0],[0,0],[0,0],[0,0]],"o":[[0,0],[0,0],[0,0],[0,0]],"v":[[-134.375,24],[-44.375,-51.5],[46.812,55],[134.375,5]],"c":false}],"t":20,"i":{"x":1,"y":1},"o":{"x":0,"y":0}},{"s":[{"i":[[0,0],[0,0],[0,0],[0,0]],"o":[[0,0],[0,0],[0,0],[0,0]],"v":[[-134.375,24],[-44.375,-51.5],[46.812,55],[134.375,5]],"c":false}],"t":40,"i":{"x":1,"y":1},"o":{"x":0,"y":0}},{"s":[{"i":[[0,0],[0,0],[0,0],[0,0]],"o":[[0,0],[0,0],[0,0],[0,0]],"v":[[-134.375,23.651],[-44.375,-51.101],[46.812,54.622],[134.375,4.562]],"c":false}],"t":41,"i":{"x":1,"y":1},"o":{"x":0,"y":0}},{"s":[{"i":[[0,0],[0,0],[0,0],[0,0]],"o":[[0,0],[0,0],[0,0],[0,0]],"v":[[-134.375,22.638],[-44.375,-49.943],[46.812,53.526],[134.375,3.292]],"c":false}],"t":42,"i":{"x":1,"y":1},"o":{"x":0,"y":0}},{"s":[{"i":[[0,0],[0,0],[0,0],[0,0]],"o":[[0,0],[0,0],[0,0],[0,0]],"v":[[-134.375,21.027],[-44.375,-48.102],[46.812,51.784],[134.375,1.291]],"c":false}],"t":43,"i":{"x":1,"y":1},"o":{"x":0,"y":0}},{"s":[{"i":[[0,0],[0,0],[0,0],[0,0]],"o":[[0,0],[0,0],[0,0],[0,0]],"v":[[-134.375,18.904],[-44.375,-45.676],[46.812,49.488],[134.375,-1.344]],"c":false}],"t":44,"i":{"x":1,"y":1},"o":{"x":0,"y":0}},{"s":[{"i":[[0,0],[0,0],[0,0],[0,0]],"o":[[0,0],[0,0],[0,0],[0,0]],"v":[[-134.375,16.342],[-44.375,-42.748],[46.812,46.716],[134.375,-4.534]],"c":false}],"t":45,"i":{"x":1,"y":1},"o":{"x":0,"y":0}},{"s":[{"i":[[0,0],[0,0],[0,0],[0,0]],"o":[[0,0],[0,0],[0,0],[0,0]],"v":[[-134.375,13.415],[-44.375,-39.401],[46.812,43.551],[134.375,-8.177]],"c":false}],"t":46,"i":{"x":1,"y":1},"o":{"x":0,"y":0}},{"s":[{"i":[[0,0],[0,0],[0,0],[0,0]],"o":[[0,0],[0,0],[0,0],[0,0]],"v":[[-134.375,10.192],[-44.375,-35.722],[46.812,40.065],[134.375,-12.189]],"c":false}],"t":47,"i":{"x":1,"y":1},"o":{"x":0,"y":0}},{"s":[{"i":[[0,0],[0,0],[0,0],[0,0]],"o":[[0,0],[0,0],[0,0],[0,0]],"v":[[-134.375,6.743],[-44.375,-31.784],[46.812,36.334],[134.375,-16.483]],"c":false}],"t":48,"i":{"x":1,"y":1},"o":{"x":0,"y":0}},{"s":[{"i":[[0,0],[0,0],[0,0],[0,0]],"o":[[0,0],[0,0],[0,0],[0,0]],"v":[[-134.375,3.153],[-44.375,-27.683],[46.812,32.451],[134.375,-20.953]],"c":false}],"t":49,"i":{"x":1,"y":1},"o":{"x":0,"y":0}},{"s":[{"i":[[0,0],[0,0],[0,0],[0,0]],"o":[[0,0],[0,0],[0,0],[0,0]],"v":[[-134.375,-4.16],[-44.375,-19.325],[46.812,24.541],[134.375,-30.056]],"c":false}],"t":51,"i":{"x":1,"y":1},"o":{"x":0,"y":0}},{"s":[{"i":[[0,0],[0,0],[0,0],[0,0]],"o":[[0,0],[0,0],[0,0],[0,0]],"v":[[-134.375,-7.748],[-44.375,-15.222],[46.812,20.66],[134.375,-34.523]],"c":false}],"t":52,"i":{"x":1,"y":1},"o":{"x":0,"y":0}},{"s":[{"i":[[0,0],[0,0],[0,0],[0,0]],"o":[[0,0],[0,0],[0,0],[0,0]],"v":[[-134.375,-11.194],[-44.375,-11.28],[46.812,16.933],[134.375,-38.813]],"c":false}],"t":53,"i":{"x":1,"y":1},"o":{"x":0,"y":0}},{"s":[{"i":[[0,0],[0,0],[0,0],[0,0]],"o":[[0,0],[0,0],[0,0],[0,0]],"v":[[-134.375,-14.414],[-44.375,-7.597],[46.812,13.45],[134.375,-42.821]],"c":false}],"t":54,"i":{"x":1,"y":1},"o":{"x":0,"y":0}},{"s":[{"i":[[0,0],[0,0],[0,0],[0,0]],"o":[[0,0],[0,0],[0,0],[0,0]],"v":[[-134.375,-17.342],[-44.375,-4.252],[46.812,10.283],[134.375,-46.466]],"c":false}],"t":55,"i":{"x":1,"y":1},"o":{"x":0,"y":0}},{"s":[{"i":[[0,0],[0,0],[0,0],[0,0]],"o":[[0,0],[0,0],[0,0],[0,0]],"v":[[-134.375,-19.904],[-44.375,-1.324],[46.812,7.512],[134.375,-49.655]],"c":false}],"t":56,"i":{"x":1,"y":1},"o":{"x":0,"y":0}},{"s":[{"i":[[0,0],[0,0],[0,0],[0,0]],"o":[[0,0],[0,0],[0,0],[0,0]],"v":[[-134.375,-22.027],[-44.375,1.102],[46.812,5.216],[134.375,-52.291]],"c":false}],"t":57,"i":{"x":1,"y":1},"o":{"x":0,"y":0}},{"s":[{"i":[[0,0],[0,0],[0,0],[0,0]],"o":[[0,0],[0,0],[0,0],[0,0]],"v":[[-134.375,-23.638],[-44.375,2.943],[46.812,3.474],[134.375,-54.292]],"c":false}],"t":58,"i":{"x":1,"y":1},"o":{"x":0,"y":0}},{"s":[{"i":[[0,0],[0,0],[0,0],[0,0]],"o":[[0,0],[0,0],[0,0],[0,0]],"v":[[-134.375,-24.651],[-44.375,4.101],[46.812,2.378],[134.375,-55.562]],"c":false}],"t":59,"i":{"x":1,"y":1},"o":{"x":0,"y":0}},{"s":[{"i":[[0,0],[0,0],[0,0],[0,0]],"o":[[0,0],[0,0],[0,0],[0,0]],"v":[[-134.375,-25],[-44.375,4.5],[46.812,2],[134.375,-56]],"c":false}],"t":60,"i":{"x":1,"y":1},"o":{"x":0,"y":0}},{"s":[{"i":[[0,0],[0,0],[0,0],[0,0]],"o":[[0,0],[0,0],[0,0],[0,0]],"v":[[-134.375,-25],[-44.375,4.5],[46.812,2],[134.375,-56]],"c":false}],"t":80,"i":{"x":1,"y":1},"o":{"x":0,"y":0}},{"s":[{"i":[[0,0],[0,0],[0,0],[0,0]],"o":[[0,0],[0,0],[0,0],[0,0]],"v":[[-134.375,-24.268],[-44.375,4.65],[46.812,1.644],[134.375,-55.555]],"c":false}],"t":81,"i":{"x":1,"y":1},"o":{"x":0,"y":0}},{"s":[{"i":[[0,0],[0,0],[0,0],[0,0]],"o":[[0,0],[0,0],[0,0],[0,0]],"v":[[-134.375,-22.143],[-44.375,5.084],[46.812,0.61],[134.375,-54.264]],"c":false}],"t":82,"i":{"x":1,"y":1},"o":{"x":0,"y":0}},{"s":[{"i":[[0,0],[0,0],[0,0],[0,0]],"o":[[0,0],[0,0],[0,0],[0,0]],"v":[[-134.375,-18.798],[-44.375,5.774],[46.812,-1.034],[134.375,-52.23]],"c":false}],"t":83,"i":{"x":1,"y":1},"o":{"x":0,"y":0}},{"s":[{"i":[[0,0],[0,0],[0,0],[0,0]],"o":[[0,0],[0,0],[0,0],[0,0]],"v":[[-134.375,-14.391],[-44.375,6.684],[46.812,-3.2],[134.375,-49.551]],"c":false}],"t":84,"i":{"x":1,"y":1},"o":{"x":0,"y":0}},{"s":[{"i":[[0,0],[0,0],[0,0],[0,0]],"o":[[0,0],[0,0],[0,0],[0,0]],"v":[[-134.375,-9.058],[-44.375,7.782],[46.812,-5.815],[134.375,-46.31]],"c":false}],"t":85,"i":{"x":1,"y":1},"o":{"x":0,"y":0}},{"s":[{"i":[[0,0],[0,0],[0,0],[0,0]],"o":[[0,0],[0,0],[0,0],[0,0]],"v":[[-134.375,-2.963],[-44.375,9.037],[46.812,-8.801],[134.375,-42.605]],"c":false}],"t":86,"i":{"x":1,"y":1},"o":{"x":0,"y":0}},{"s":[{"i":[[0,0],[0,0],[0,0],[0,0]],"o":[[0,0],[0,0],[0,0],[0,0]],"v":[[-134.375,3.739],[-44.375,10.417],[46.812,-12.089],[134.375,-38.531]],"c":false}],"t":87,"i":{"x":1,"y":1},"o":{"x":0,"y":0}},{"s":[{"i":[[0,0],[0,0],[0,0],[0,0]],"o":[[0,0],[0,0],[0,0],[0,0]],"v":[[-134.375,10.905],[-44.375,11.894],[46.812,-15.609],[134.375,-34.171]],"c":false}],"t":88,"i":{"x":1,"y":1},"o":{"x":0,"y":0}},{"s":[{"i":[[0,0],[0,0],[0,0],[0,0]],"o":[[0,0],[0,0],[0,0],[0,0]],"v":[[-134.375,18.376],[-44.375,13.431],[46.812,-19.273],[134.375,-29.631]],"c":false}],"t":89,"i":{"x":1,"y":1},"o":{"x":0,"y":0}},{"s":[{"i":[[0,0],[0,0],[0,0],[0,0]],"o":[[0,0],[0,0],[0,0],[0,0]],"v":[[-134.375,33.624],[-44.375,16.565],[46.812,-26.735],[134.375,-20.378]],"c":false}],"t":91,"i":{"x":1,"y":1},"o":{"x":0,"y":0}},{"s":[{"i":[[0,0],[0,0],[0,0],[0,0]],"o":[[0,0],[0,0],[0,0],[0,0]],"v":[[-134.375,41.095],[-44.375,18.104],[46.812,-30.396],[134.375,-15.835]],"c":false}],"t":92,"i":{"x":1,"y":1},"o":{"x":0,"y":0}},{"s":[{"i":[[0,0],[0,0],[0,0],[0,0]],"o":[[0,0],[0,0],[0,0],[0,0]],"v":[[-134.375,48.26],[-44.375,19.582],[46.812,-33.912],[134.375,-11.471]],"c":false}],"t":93,"i":{"x":1,"y":1},"o":{"x":0,"y":0}},{"s":[{"i":[[0,0],[0,0],[0,0],[0,0]],"o":[[0,0],[0,0],[0,0],[0,0]],"v":[[-134.375,54.966],[-44.375,20.964],[46.812,-37.198],[134.375,-7.393]],"c":false}],"t":94,"i":{"x":1,"y":1},"o":{"x":0,"y":0}},{"s":[{"i":[[0,0],[0,0],[0,0],[0,0]],"o":[[0,0],[0,0],[0,0],[0,0]],"v":[[-134.375,61.058],[-44.375,22.218],[46.812,-40.186],[134.375,-3.69]],"c":false}],"t":95,"i":{"x":1,"y":1},"o":{"x":0,"y":0}},{"s":[{"i":[[0,0],[0,0],[0,0],[0,0]],"o":[[0,0],[0,0],[0,0],[0,0]],"v":[[-134.375,66.392],[-44.375,23.316],[46.812,-42.8],[134.375,-0.448]],"c":false}],"t":96,"i":{"x":1,"y":1},"o":{"x":0,"y":0}},{"s":[{"i":[[0,0],[0,0],[0,0],[0,0]],"o":[[0,0],[0,0],[0,0],[0,0]],"v":[[-134.375,70.799],[-44.375,24.226],[46.812,-44.966],[134.375,2.231]],"c":false}],"t":97,"i":{"x":1,"y":1},"o":{"x":0,"y":0}},{"s":[{"i":[[0,0],[0,0],[0,0],[0,0]],"o":[[0,0],[0,0],[0,0],[0,0]],"v":[[-134.375,74.144],[-44.375,24.916],[46.812,-46.61],[134.375,4.264]],"c":false}],"t":98,"i":{"x":1,"y":1},"o":{"x":0,"y":0}},{"s":[{"i":[[0,0],[0,0],[0,0],[0,0]],"o":[[0,0],[0,0],[0,0],[0,0]],"v":[[-134.375,76.268],[-44.375,25.35],[46.812,-47.644],[134.375,5.555]],"c":false}],"t":99,"i":{"x":1,"y":1},"o":{"x":0,"y":0}},{"s":[{"i":[[0,0],[0,0],[0,0],[0,0]],"o":[[0,0],[0,0],[0,0],[0,0]],"v":[[-134.375,77],[-44.375,25.5],[46.812,-48],[134.375,6]],"c":false}],"t":100,"i":{"x":1,"y":1},"o":{"x":0,"y":0}},{"s":[{"i":[[0,0],[0,0],[0,0],[0,0]],"o":[[0,0],[0,0],[0,0],[0,0]],"v":[[-134.375,77],[-44.375,25.5],[46.812,-48],[134.375,6]],"c":false}],"t":120,"i":{"x":1,"y":1},"o":{"x":0,"y":0}},{"s":[{"i":[[0,0],[0,0],[0,0],[0,0]],"o":[[0,0],[0,0],[0,0],[0,0]],"v":[[-134.375,77.093],[-44.375,25.158],[46.812,-47.332],[134.375,5.311]],"c":false}],"t":121,"i":{"x":1,"y":1},"o":{"x":0,"y":0}},{"s":[{"i":[[0,0],[0,0],[0,0],[0,0]],"o":[[0,0],[0,0],[0,0],[0,0]],"v":[[-134.375,77.361],[-44.375,24.165],[46.812,-45.396],[134.375,3.312]],"c":false}],"t":122,"i":{"x":1,"y":1},"o":{"x":0,"y":0}},{"s":[{"i":[[0,0],[0,0],[0,0],[0,0]],"o":[[0,0],[0,0],[0,0],[0,0]],"v":[[-134.375,77.789],[-44.375,22.588],[46.812,-42.345],[134.375,0.164]],"c":false}],"t":123,"i":{"x":1,"y":1},"o":{"x":0,"y":0}},{"s":[{"i":[[0,0],[0,0],[0,0],[0,0]],"o":[[0,0],[0,0],[0,0],[0,0]],"v":[[-134.375,78.352],[-44.375,20.508],[46.812,-38.327],[134.375,-3.984]],"c":false}],"t":124,"i":{"x":1,"y":1},"o":{"x":0,"y":0}},{"s":[{"i":[[0,0],[0,0],[0,0],[0,0]],"o":[[0,0],[0,0],[0,0],[0,0]],"v":[[-134.375,79.032],[-44.375,17.998],[46.812,-33.465],[134.375,-9.004]],"c":false}],"t":125,"i":{"x":1,"y":1},"o":{"x":0,"y":0}},{"s":[{"i":[[0,0],[0,0],[0,0],[0,0]],"o":[[0,0],[0,0],[0,0],[0,0]],"v":[[-134.375,79.809],[-44.375,15.131],[46.812,-27.908],[134.375,-14.738]],"c":false}],"t":126,"i":{"x":1,"y":1},"o":{"x":0,"y":0}},{"s":[{"i":[[0,0],[0,0],[0,0],[0,0]],"o":[[0,0],[0,0],[0,0],[0,0]],"v":[[-134.375,80.663],[-44.375,11.974],[46.812,-21.796],[134.375,-21.049]],"c":false}],"t":127,"i":{"x":1,"y":1},"o":{"x":0,"y":0}},{"s":[{"i":[[0,0],[0,0],[0,0],[0,0]],"o":[[0,0],[0,0],[0,0],[0,0]],"v":[[-134.375,81.577],[-44.375,8.595],[46.812,-15.253],[134.375,-27.793]],"c":false}],"t":128,"i":{"x":1,"y":1},"o":{"x":0,"y":0}},{"s":[{"i":[[0,0],[0,0],[0,0],[0,0]],"o":[[0,0],[0,0],[0,0],[0,0]],"v":[[-134.375,82.529],[-44.375,5.078],[46.812,-8.437],[134.375,-34.823]],"c":false}],"t":129,"i":{"x":1,"y":1},"o":{"x":0,"y":0}},{"s":[{"i":[[0,0],[0,0],[0,0],[0,0]],"o":[[0,0],[0,0],[0,0],[0,0]],"v":[[-134.375,84.469],[-44.375,-2.085],[46.812,5.452],[134.375,-49.161]],"c":false}],"t":131,"i":{"x":1,"y":1},"o":{"x":0,"y":0}},{"s":[{"i":[[0,0],[0,0],[0,0],[0,0]],"o":[[0,0],[0,0],[0,0],[0,0]],"v":[[-134.375,85.422],[-44.375,-5.6],[46.812,12.263],[134.375,-56.197]],"c":false}],"t":132,"i":{"x":1,"y":1},"o":{"x":0,"y":0}},{"s":[{"i":[[0,0],[0,0],[0,0],[0,0]],"o":[[0,0],[0,0],[0,0],[0,0]],"v":[[-134.375,86.337],[-44.375,-8.976],[46.812,18.796],[134.375,-62.951]],"c":false}],"t":133,"i":{"x":1,"y":1},"o":{"x":0,"y":0}},{"s":[{"i":[[0,0],[0,0],[0,0],[0,0]],"o":[[0,0],[0,0],[0,0],[0,0]],"v":[[-134.375,87.19],[-44.375,-12.13],[46.812,24.91],[134.375,-69.26]],"c":false}],"t":134,"i":{"x":1,"y":1},"o":{"x":0,"y":0}},{"s":[{"i":[[0,0],[0,0],[0,0],[0,0]],"o":[[0,0],[0,0],[0,0],[0,0]],"v":[[-134.375,87.959],[-44.375,-14.998],[46.812,30.465],[134.375,-74.996]],"c":false}],"t":135,"i":{"x":1,"y":1},"o":{"x":0,"y":0}},{"s":[{"i":[[0,0],[0,0],[0,0],[0,0]],"o":[[0,0],[0,0],[0,0],[0,0]],"v":[[-134.375,88.637],[-44.375,-17.508],[46.812,35.328],[134.375,-80.015]],"c":false}],"t":136,"i":{"x":1,"y":1},"o":{"x":0,"y":0}},{"s":[{"i":[[0,0],[0,0],[0,0],[0,0]],"o":[[0,0],[0,0],[0,0],[0,0]],"v":[[-134.375,89.205],[-44.375,-19.587],[46.812,39.346],[134.375,-84.162]],"c":false}],"t":137,"i":{"x":1,"y":1},"o":{"x":0,"y":0}},{"s":[{"i":[[0,0],[0,0],[0,0],[0,0]],"o":[[0,0],[0,0],[0,0],[0,0]],"v":[[-134.375,89.637],[-44.375,-21.165],[46.812,42.396],[134.375,-87.312]],"c":false}],"t":138,"i":{"x":1,"y":1},"o":{"x":0,"y":0}},{"s":[{"i":[[0,0],[0,0],[0,0],[0,0]],"o":[[0,0],[0,0],[0,0],[0,0]],"v":[[-134.375,89.907],[-44.375,-22.158],[46.812,44.332],[134.375,-89.311]],"c":false}],"t":139,"i":{"x":1,"y":1},"o":{"x":0,"y":0}},{"s":[{"i":[[0,0],[0,0],[0,0],[0,0]],"o":[[0,0],[0,0],[0,0],[0,0]],"v":[[-134.375,90],[-44.375,-22.5],[46.812,45],[134.375,-90]],"c":false}],"t":140,"i":{"x":1,"y":1},"o":{"x":0,"y":0}}]},"nm":"Path 1","mn":"ADBE Vector Shape - Group","hd":false},{"ty":"st","c":{"a":0,"k":[0.901960790157,0.427450984716,1,1],"ix":3},"o":{"a":0,"k":100,"ix":4},"w":{"a":0,"k":22,"ix":5},"lc":2,"lj":2,"bm":0,"nm":"Stroke 1","mn":"ADBE Vector Graphic - Stroke","hd":false},{"ty":"tr","p":{"a":0,"k":[0,0],"ix":2},"a":{"a":0,"k":[0,0],"ix":1},"s":{"a":0,"k":[100,100],"ix":3},"r":{"a":0,"k":0,"ix":6},"o":{"a":0,"k":100,"ix":7},"sk":{"a":0,"k":0,"ix":4},"sa":{"a":0,"k":0,"ix":5},"nm":"Transform"}],"nm":"Group 1","np":2,"cix":2,"bm":0,"ix":1,"mn":"ADBE Vector Group","hd":false}],"ip":0,"op":300,"st":0,"ct":1,"bm":0},{"ddd":0,"ind":10,"ty":4,"nm":"Base","sr":1,"ks":{"o":{"a":0,"k":100,"ix":11},"r":{"a":0,"k":0,"ix":10},"p":{"a":0,"k":[256,436.75,0],"ix":2,"l":2},"a":{"a":0,"k":[0,0,0],"ix":1,"l":2},"s":{"a":0,"k":[100,100,100],"ix":6,"l":2}},"ao":0,"shapes":[{"ty":"gr","it":[{"ind":0,"ty":"sh","ix":1,"ks":{"a":0,"k":{"i":[[6.218,0],[0,0],[0,-6.218],[-6.218,0],[0,0],[0,6.218]],"o":[[0,0],[-6.218,0],[0,6.218],[0,0],[6.218,0],[0,-6.218]],"v":[[180.75,-11.25],[-180.75,-11.25],[-192,0],[-180.75,11.25],[180.75,11.25],[192,0]],"c":true},"ix":2},"nm":"Path 1","mn":"ADBE Vector Shape - Group","hd":false},{"ty":"gf","o":{"a":0,"k":100,"ix":10},"r":1,"bm":0,"g":{"p":3,"k":{"a":0,"k":[0,1,0.745,0.976,0.5,1,0.845,0.988,1,1,0.945,1],"ix":9}},"s":{"a":0,"k":[0,10.25],"ix":5},"e":{"a":0,"k":[0,-364.367],"ix":6},"t":1,"nm":"Gradient Fill 1","mn":"ADBE Vector Graphic - G-Fill","hd":false},{"ty":"tr","p":{"a":0,"k":[0,0],"ix":2},"a":{"a":0,"k":[0,0],"ix":1},"s":{"a":0,"k":[100,100],"ix":3},"r":{"a":0,"k":0,"ix":6},"o":{"a":0,"k":100,"ix":7},"sk":{"a":0,"k":0,"ix":4},"sa":{"a":0,"k":0,"ix":5},"nm":"Transform"}],"nm":"Group 1","np":2,"cix":2,"bm":0,"ix":1,"mn":"ADBE Vector Group","hd":false}],"ip":0,"op":300,"st":0,"ct":1,"bm":0},{"ddd":0,"ind":11,"ty":4,"nm":"Gtaph Bar 4","sr":1,"ks":{"o":{"a":0,"k":100,"ix":11},"r":{"a":0,"k":0,"ix":10},"p":{"a":0,"k":[391,317.875,0],"ix":2,"l":2},"a":{"a":0,"k":[0,0,0],"ix":1,"l":2},"s":{"a":0,"k":[100,100,100],"ix":6,"l":2}},"ao":0,"shapes":[{"ty":"gr","it":[{"ind":0,"ty":"sh","ix":1,"ks":{"a":1,"k":[{"i":{"x":0.667,"y":1},"o":{"x":0.333,"y":0},"t":0,"s":[{"i":[[6.218,0],[0,0],[0,-6.218],[0,0],[-6.218,0],[0,0],[0,6.218],[0,0]],"o":[[0,0],[-6.218,0],[0,0],[0,6.218],[0,0],[6.218,0],[0,0],[0,-6.218]],"v":[[22.5,-118.875],[-22.5,-118.875],[-33.75,-107.625],[-33.75,107.625],[-22.5,118.875],[22.5,118.875],[33.75,107.625],[33.75,-107.625]],"c":true}]},{"i":{"x":0.667,"y":1},"o":{"x":0.333,"y":0},"t":20,"s":[{"i":[[6.218,0],[0,0],[0,-6.218],[0,0],[-6.218,0],[0,0],[0,6.218],[0,0]],"o":[[0,0],[-6.218,0],[0,0],[0,6.218],[0,0],[6.218,0],[0,0],[0,-6.218]],"v":[[22.5,-68.875],[-22.5,-68.875],[-33.75,-57.625],[-33.75,107.625],[-22.5,118.875],[22.5,118.875],[33.75,107.625],[33.75,-57.625]],"c":true}]},{"i":{"x":0.667,"y":1},"o":{"x":0.333,"y":0},"t":40,"s":[{"i":[[6.218,0],[0,0],[0,-6.218],[0,0],[-6.218,0],[0,0],[0,6.218],[0,0]],"o":[[0,0],[-6.218,0],[0,0],[0,6.218],[0,0],[6.218,0],[0,0],[0,-6.218]],"v":[[22.5,-68.875],[-22.5,-68.875],[-33.75,-57.625],[-33.75,107.625],[-22.5,118.875],[22.5,118.875],[33.75,107.625],[33.75,-57.625]],"c":true}]},{"i":{"x":0.667,"y":1},"o":{"x":0.333,"y":0},"t":60,"s":[{"i":[[6.218,0],[0,0],[0,-6.218],[0,0],[-6.218,0],[0,0],[0,6.218],[0,0]],"o":[[0,0],[-6.218,0],[0,0],[0,6.218],[0,0],[6.218,0],[0,0],[0,-6.218]],"v":[[22,-137.875],[-23,-137.875],[-34.25,-126.625],[-33.75,107.625],[-22.5,118.875],[22.5,118.875],[33.75,107.625],[33.25,-126.625]],"c":true}]},{"i":{"x":0.667,"y":1},"o":{"x":0.333,"y":0},"t":80,"s":[{"i":[[6.218,0],[0,0],[0,-6.218],[0,0],[-6.218,0],[0,0],[0,6.218],[0,0]],"o":[[0,0],[-6.218,0],[0,0],[0,6.218],[0,0],[6.218,0],[0,0],[0,-6.218]],"v":[[22,-137.875],[-23,-137.875],[-34.25,-126.625],[-33.75,107.625],[-22.5,118.875],[22.5,118.875],[33.75,107.625],[33.25,-126.625]],"c":true}]},{"i":{"x":0.667,"y":1},"o":{"x":0.333,"y":0},"t":100,"s":[{"i":[[6.218,0],[0,0],[0,-6.218],[0,0],[-6.218,0],[0,0],[0,6.218],[0,0]],"o":[[0,0],[-6.218,0],[0,0],[0,6.218],[0,0],[6.218,0],[0,0],[0,-6.218]],"v":[[21.25,-77.875],[-23.75,-77.875],[-35,-66.625],[-33.75,107.625],[-22.5,118.875],[22.5,118.875],[33.75,107.625],[32.5,-66.625]],"c":true}]},{"i":{"x":0.667,"y":1},"o":{"x":0.333,"y":0},"t":120,"s":[{"i":[[6.218,0],[0,0],[0,-6.218],[0,0],[-6.218,0],[0,0],[0,6.218],[0,0]],"o":[[0,0],[-6.218,0],[0,0],[0,6.218],[0,0],[6.218,0],[0,0],[0,-6.218]],"v":[[21.25,-77.875],[-23.75,-77.875],[-35,-66.625],[-33.75,107.625],[-22.5,118.875],[22.5,118.875],[33.75,107.625],[32.5,-66.625]],"c":true}]},{"t":140,"s":[{"i":[[6.218,0],[0,0],[0,-6.218],[0,0],[-6.218,0],[0,0],[0,6.218],[0,0]],"o":[[0,0],[-6.218,0],[0,0],[0,6.218],[0,0],[6.218,0],[0,0],[0,-6.218]],"v":[[22.5,-118.875],[-22.5,-118.875],[-33.75,-107.625],[-33.75,107.625],[-22.5,118.875],[22.5,118.875],[33.75,107.625],[33.75,-107.625]],"c":true}]}],"ix":2},"nm":"Path 1","mn":"ADBE Vector Shape - Group","hd":false},{"ty":"gf","o":{"a":0,"k":100,"ix":10},"r":1,"bm":0,"g":{"p":3,"k":{"a":0,"k":[0,0.663,0.227,1,0.5,0.831,0.367,1,1,1,0.506,1],"ix":9}},"s":{"a":0,"k":[-1,132.125],"ix":5},"e":{"a":0,"k":[-1,-210.362],"ix":6},"t":1,"nm":"Gradient Fill 1","mn":"ADBE Vector Graphic - G-Fill","hd":false},{"ty":"tr","p":{"a":0,"k":[0,0],"ix":2},"a":{"a":0,"k":[0,0],"ix":1},"s":{"a":0,"k":[100,100],"ix":3},"r":{"a":0,"k":0,"ix":6},"o":{"a":0,"k":100,"ix":7},"sk":{"a":0,"k":0,"ix":4},"sa":{"a":0,"k":0,"ix":5},"nm":"Transform"}],"nm":"Group 1","np":2,"cix":2,"bm":0,"ix":1,"mn":"ADBE Vector Group","hd":false}],"ip":0,"op":300,"st":0,"ct":1,"bm":0},{"ddd":0,"ind":12,"ty":4,"nm":"Gtaph Bar 3","sr":1,"ks":{"o":{"a":0,"k":100,"ix":11},"r":{"a":0,"k":0,"ix":10},"p":{"a":0,"k":[301,362.875,0],"ix":2,"l":2},"a":{"a":0,"k":[0,0,0],"ix":1,"l":2},"s":{"a":0,"k":[100,100,100],"ix":6,"l":2}},"ao":0,"shapes":[{"ty":"gr","it":[{"ind":0,"ty":"sh","ix":1,"ks":{"a":1,"k":[{"i":{"x":0.667,"y":1},"o":{"x":0.333,"y":0},"t":0,"s":[{"i":[[6.218,0],[0,0],[0,-6.218],[0,0],[-6.218,0],[0,0],[0,6.218],[0,0]],"o":[[0,0],[-6.218,0],[0,0],[0,6.218],[0,0],[6.218,0],[0,0],[0,-6.218]],"v":[[22.5,-73.875],[-22.5,-73.875],[-33.75,-62.625],[-33.75,62.625],[-22.5,73.875],[22.5,73.875],[33.75,62.625],[33.75,-62.625]],"c":true}]},{"i":{"x":0.667,"y":1},"o":{"x":0.333,"y":0},"t":20,"s":[{"i":[[6.218,0],[0,0],[0,-6.218],[0,0],[-6.218,0],[0,0],[0,6.218],[0,0]],"o":[[0,0],[-6.218,0],[0,0],[0,6.218],[0,0],[6.218,0],[0,0],[0,-6.218]],"v":[[22,-73.875],[-23,-73.875],[-34.25,-62.625],[-33.75,62.625],[-22.5,73.875],[22.5,73.875],[33.75,62.625],[33.25,-62.625]],"c":true}]},{"i":{"x":0.667,"y":1},"o":{"x":0.333,"y":0},"t":40,"s":[{"i":[[6.218,0],[0,0],[0,-6.218],[0,0],[-6.218,0],[0,0],[0,6.218],[0,0]],"o":[[0,0],[-6.218,0],[0,0],[0,6.218],[0,0],[6.218,0],[0,0],[0,-6.218]],"v":[[22,-73.875],[-23,-73.875],[-34.25,-62.625],[-33.75,62.625],[-22.5,73.875],[22.5,73.875],[33.75,62.625],[33.25,-62.625]],"c":true}]},{"i":{"x":0.667,"y":1},"o":{"x":0.333,"y":0},"t":60,"s":[{"i":[[6.218,0],[0,0],[0,-6.218],[0,0],[-6.218,0],[0,0],[0,6.218],[0,0]],"o":[[0,0],[-6.218,0],[0,0],[0,6.218],[0,0],[6.218,0],[0,0],[0,-6.218]],"v":[[22,-120.875],[-23,-120.875],[-34.25,-109.625],[-33.75,62.625],[-22.5,73.875],[22.5,73.875],[33.75,62.625],[33.25,-109.625]],"c":true}]},{"i":{"x":0.667,"y":1},"o":{"x":0.333,"y":0},"t":81,"s":[{"i":[[6.218,0],[0,0],[0,-6.218],[0,0],[-6.218,0],[0,0],[0,6.218],[0,0]],"o":[[0,0],[-6.218,0],[0,0],[0,6.218],[0,0],[6.218,0],[0,0],[0,-6.218]],"v":[[22,-120.875],[-23,-120.875],[-34.25,-109.625],[-33.75,62.625],[-22.5,73.875],[22.5,73.875],[33.75,62.625],[33.25,-109.625]],"c":true}]},{"i":{"x":0.667,"y":1},"o":{"x":0.333,"y":0},"t":100,"s":[{"i":[[6.218,0],[0,0],[0,-6.218],[0,0],[-6.218,0],[0,0],[0,6.218],[0,0]],"o":[[0,0],[-6.218,0],[0,0],[0,6.218],[0,0],[6.218,0],[0,0],[0,-6.218]],"v":[[22,-175.875],[-23,-175.875],[-34.25,-164.625],[-33.75,62.625],[-22.5,73.875],[22.5,73.875],[33.75,62.625],[33.25,-164.625]],"c":true}]},{"i":{"x":0.667,"y":1},"o":{"x":0.333,"y":0},"t":120,"s":[{"i":[[6.218,0],[0,0],[0,-6.218],[0,0],[-6.218,0],[0,0],[0,6.218],[0,0]],"o":[[0,0],[-6.218,0],[0,0],[0,6.218],[0,0],[6.218,0],[0,0],[0,-6.218]],"v":[[22,-175.875],[-23,-175.875],[-34.25,-164.625],[-33.75,62.625],[-22.5,73.875],[22.5,73.875],[33.75,62.625],[33.25,-164.625]],"c":true}]},{"t":140,"s":[{"i":[[6.218,0],[0,0],[0,-6.218],[0,0],[-6.218,0],[0,0],[0,6.218],[0,0]],"o":[[0,0],[-6.218,0],[0,0],[0,6.218],[0,0],[6.218,0],[0,0],[0,-6.218]],"v":[[22.5,-73.875],[-22.5,-73.875],[-33.75,-62.625],[-33.75,62.625],[-22.5,73.875],[22.5,73.875],[33.75,62.625],[33.75,-62.625]],"c":true}]}],"ix":2},"nm":"Path 1","mn":"ADBE Vector Shape - Group","hd":false},{"ty":"gf","o":{"a":0,"k":100,"ix":10},"r":1,"bm":0,"g":{"p":3,"k":{"a":0,"k":[0,0.663,0.227,1,0.5,0.831,0.367,1,1,1,0.506,1],"ix":9}},"s":{"a":0,"k":[-1,87.125],"ix":5},"e":{"a":0,"k":[-1,-255.362],"ix":6},"t":1,"nm":"Gradient Fill 1","mn":"ADBE Vector Graphic - G-Fill","hd":false},{"ty":"tr","p":{"a":0,"k":[0,0],"ix":2},"a":{"a":0,"k":[0,0],"ix":1},"s":{"a":0,"k":[100,100],"ix":3},"r":{"a":0,"k":0,"ix":6},"o":{"a":0,"k":100,"ix":7},"sk":{"a":0,"k":0,"ix":4},"sa":{"a":0,"k":0,"ix":5},"nm":"Transform"}],"nm":"Group 1","np":2,"cix":2,"bm":0,"ix":1,"mn":"ADBE Vector Group","hd":false}],"ip":0,"op":300,"st":0,"ct":1,"bm":0},{"ddd":0,"ind":13,"ty":4,"nm":"Gtaph Bar 2","sr":1,"ks":{"o":{"a":0,"k":100,"ix":11},"r":{"a":0,"k":0,"ix":10},"p":{"a":0,"k":[211,340.375,0],"ix":2,"l":2},"a":{"a":0,"k":[0,0,0],"ix":1,"l":2},"s":{"a":0,"k":[100,100,100],"ix":6,"l":2}},"ao":0,"shapes":[{"ty":"gr","it":[{"ind":0,"ty":"sh","ix":1,"ks":{"a":1,"k":[{"i":{"x":0.667,"y":1},"o":{"x":0.333,"y":0},"t":0,"s":[{"i":[[6.218,0],[0,0],[0,-6.218],[0,0],[-6.218,0],[0,0],[0,6.218],[0,0]],"o":[[0,0],[-6.218,0],[0,0],[0,6.218],[0,0],[6.218,0],[0,0],[0,-6.218]],"v":[[22.5,-96.375],[-22.5,-96.375],[-33.75,-85.125],[-33.75,85.125],[-22.5,96.375],[22.5,96.375],[33.75,85.125],[33.75,-85.125]],"c":true}]},{"i":{"x":0.667,"y":1},"o":{"x":0.333,"y":0},"t":20,"s":[{"i":[[6.218,0],[0,0],[0,-6.218],[0,0],[-6.218,0],[0,0],[0,6.218],[0,0]],"o":[[0,0],[-6.218,0],[0,0],[0,6.218],[0,0],[6.218,0],[0,0],[0,-6.218]],"v":[[22,-141.375],[-23,-141.375],[-34.25,-130.125],[-33.75,85.125],[-22.5,96.375],[22.5,96.375],[33.75,85.125],[33.25,-130.125]],"c":true}]},{"i":{"x":0.667,"y":1},"o":{"x":0.333,"y":0},"t":40,"s":[{"i":[[6.218,0],[0,0],[0,-6.218],[0,0],[-6.218,0],[0,0],[0,6.218],[0,0]],"o":[[0,0],[-6.218,0],[0,0],[0,6.218],[0,0],[6.218,0],[0,0],[0,-6.218]],"v":[[22,-141.375],[-23,-141.375],[-34.25,-130.125],[-33.75,85.125],[-22.5,96.375],[22.5,96.375],[33.75,85.125],[33.25,-130.125]],"c":true}]},{"i":{"x":0.667,"y":1},"o":{"x":0.333,"y":0},"t":60,"s":[{"i":[[6.218,0],[0,0],[0,-6.218],[0,0],[-6.218,0],[0,0],[0,6.218],[0,0]],"o":[[0,0],[-6.218,0],[0,0],[0,6.218],[0,0],[6.218,0],[0,0],[0,-6.218]],"v":[[22,-107.375],[-23,-107.375],[-34.25,-96.125],[-33.75,85.125],[-22.5,96.375],[22.5,96.375],[33.75,85.125],[33.25,-96.125]],"c":true}]},{"i":{"x":0.667,"y":1},"o":{"x":0.333,"y":0},"t":80,"s":[{"i":[[6.218,0],[0,0],[0,-6.218],[0,0],[-6.218,0],[0,0],[0,6.218],[0,0]],"o":[[0,0],[-6.218,0],[0,0],[0,6.218],[0,0],[6.218,0],[0,0],[0,-6.218]],"v":[[22,-107.375],[-23,-107.375],[-34.25,-96.125],[-33.75,85.125],[-22.5,96.375],[22.5,96.375],[33.75,85.125],[33.25,-96.125]],"c":true}]},{"i":{"x":0.667,"y":1},"o":{"x":0.333,"y":0},"t":100,"s":[{"i":[[6.218,0],[0,0],[0,-6.218],[0,0],[-6.218,0],[0,0],[0,6.218],[0,0]],"o":[[0,0],[-6.218,0],[0,0],[0,6.218],[0,0],[6.218,0],[0,0],[0,-6.218]],"v":[[21.75,-79.375],[-23.25,-79.375],[-34.5,-68.125],[-33.75,85.125],[-22.5,96.375],[22.5,96.375],[33.75,85.125],[33,-68.125]],"c":true}]},{"i":{"x":0.667,"y":1},"o":{"x":0.333,"y":0},"t":120,"s":[{"i":[[6.218,0],[0,0],[0,-6.218],[0,0],[-6.218,0],[0,0],[0,6.218],[0,0]],"o":[[0,0],[-6.218,0],[0,0],[0,6.218],[0,0],[6.218,0],[0,0],[0,-6.218]],"v":[[21.75,-79.375],[-23.25,-79.375],[-34.5,-68.125],[-33.75,85.125],[-22.5,96.375],[22.5,96.375],[33.75,85.125],[33,-68.125]],"c":true}]},{"t":140,"s":[{"i":[[6.218,0],[0,0],[0,-6.218],[0,0],[-6.218,0],[0,0],[0,6.218],[0,0]],"o":[[0,0],[-6.218,0],[0,0],[0,6.218],[0,0],[6.218,0],[0,0],[0,-6.218]],"v":[[22.5,-96.375],[-22.5,-96.375],[-33.75,-85.125],[-33.75,85.125],[-22.5,96.375],[22.5,96.375],[33.75,85.125],[33.75,-85.125]],"c":true}]}],"ix":2},"nm":"Path 1","mn":"ADBE Vector Shape - Group","hd":false},{"ty":"gf","o":{"a":0,"k":100,"ix":10},"r":1,"bm":0,"g":{"p":3,"k":{"a":0,"k":[0,0.663,0.227,1,0.5,0.831,0.367,1,1,1,0.506,1],"ix":9}},"s":{"a":0,"k":[-1,109.625],"ix":5},"e":{"a":0,"k":[-1,-232.862],"ix":6},"t":1,"nm":"Gradient Fill 1","mn":"ADBE Vector Graphic - G-Fill","hd":false},{"ty":"tr","p":{"a":0,"k":[0,0],"ix":2},"a":{"a":0,"k":[0,0],"ix":1},"s":{"a":0,"k":[100,100],"ix":3},"r":{"a":0,"k":0,"ix":6},"o":{"a":0,"k":100,"ix":7},"sk":{"a":0,"k":0,"ix":4},"sa":{"a":0,"k":0,"ix":5},"nm":"Transform"}],"nm":"Group 1","np":2,"cix":2,"bm":0,"ix":1,"mn":"ADBE Vector Group","hd":false}],"ip":0,"op":300,"st":0,"ct":1,"bm":0},{"ddd":0,"ind":14,"ty":4,"nm":"Gtaph Bar 1","sr":1,"ks":{"o":{"a":0,"k":100,"ix":11},"r":{"a":0,"k":0,"ix":10},"p":{"a":0,"k":[121,385.375,0],"ix":2,"l":2},"a":{"a":0,"k":[0,0,0],"ix":1,"l":2},"s":{"a":0,"k":[100,100,100],"ix":6,"l":2}},"ao":0,"shapes":[{"ty":"gr","it":[{"ind":0,"ty":"sh","ix":1,"ks":{"a":1,"k":[{"i":{"x":0.667,"y":1},"o":{"x":0.333,"y":0},"t":0,"s":[{"i":[[6.218,0],[0,0],[0,-6.218],[0,0],[-6.218,0],[0,0],[0,6.218],[0,0]],"o":[[0,0],[-6.218,0],[0,0],[0,6.218],[0,0],[6.218,0],[0,0],[0,-6.218]],"v":[[22.5,-51.375],[-22.5,-51.375],[-33.75,-40.125],[-33.75,40.125],[-22.5,51.375],[22.5,51.375],[33.75,40.125],[33.75,-40.125]],"c":true}]},{"i":{"x":0.667,"y":1},"o":{"x":0.333,"y":0},"t":20,"s":[{"i":[[6.218,0],[0,0],[0,-6.218],[0,0],[-6.218,0],[0,0],[0,6.218],[0,0]],"o":[[0,0],[-6.218,0],[0,0],[0,6.218],[0,0],[6.218,0],[0,0],[0,-6.218]],"v":[[22,-113.375],[-23,-113.375],[-34.25,-102.125],[-33.75,40.125],[-22.5,51.375],[22.5,51.375],[33.75,40.125],[33.25,-102.125]],"c":true}]},{"i":{"x":0.667,"y":1},"o":{"x":0.333,"y":0},"t":41,"s":[{"i":[[6.218,0],[0,0],[0,-6.218],[0,0],[-6.218,0],[0,0],[0,6.218],[0,0]],"o":[[0,0],[-6.218,0],[0,0],[0,6.218],[0,0],[6.218,0],[0,0],[0,-6.218]],"v":[[22,-113.375],[-23,-113.375],[-34.25,-102.125],[-33.75,40.125],[-22.5,51.375],[22.5,51.375],[33.75,40.125],[33.25,-102.125]],"c":true}]},{"i":{"x":0.667,"y":1},"o":{"x":0.333,"y":0},"t":60,"s":[{"i":[[6.218,0],[0,0],[0,-6.218],[0,0],[-6.218,0],[0,0],[0,6.218],[0,0]],"o":[[0,0],[-6.218,0],[0,0],[0,6.218],[0,0],[6.218,0],[0,0],[0,-6.218]],"v":[[22,-171.375],[-23,-171.375],[-34.25,-160.125],[-33.75,40.125],[-22.5,51.375],[22.5,51.375],[33.75,40.125],[33.25,-160.125]],"c":true}]},{"i":{"x":0.667,"y":1},"o":{"x":0.333,"y":0},"t":80,"s":[{"i":[[6.218,0],[0,0],[0,-6.218],[0,0],[-6.218,0],[0,0],[0,6.218],[0,0]],"o":[[0,0],[-6.218,0],[0,0],[0,6.218],[0,0],[6.218,0],[0,0],[0,-6.218]],"v":[[22,-171.375],[-23,-171.375],[-34.25,-160.125],[-33.75,40.125],[-22.5,51.375],[22.5,51.375],[33.75,40.125],[33.25,-160.125]],"c":true}]},{"i":{"x":0.667,"y":1},"o":{"x":0.333,"y":0},"t":100,"s":[{"i":[[6.218,0],[0,0],[0,-6.218],[0,0],[-6.218,0],[0,0],[0,6.218],[0,0]],"o":[[0,0],[-6.218,0],[0,0],[0,6.218],[0,0],[6.218,0],[0,0],[0,-6.218]],"v":[[22.25,-73.375],[-22.75,-73.375],[-34,-62.125],[-33.75,40.125],[-22.5,51.375],[22.5,51.375],[33.75,40.125],[33.5,-62.125]],"c":true}]},{"i":{"x":0.667,"y":1},"o":{"x":0.333,"y":0},"t":120,"s":[{"i":[[6.218,0],[0,0],[0,-6.218],[0,0],[-6.218,0],[0,0],[0,6.218],[0,0]],"o":[[0,0],[-6.218,0],[0,0],[0,6.218],[0,0],[6.218,0],[0,0],[0,-6.218]],"v":[[22.25,-73.375],[-22.75,-73.375],[-34,-62.125],[-33.75,40.125],[-22.5,51.375],[22.5,51.375],[33.75,40.125],[33.5,-62.125]],"c":true}]},{"t":140,"s":[{"i":[[6.218,0],[0,0],[0,-6.218],[0,0],[-6.218,0],[0,0],[0,6.218],[0,0]],"o":[[0,0],[-6.218,0],[0,0],[0,6.218],[0,0],[6.218,0],[0,0],[0,-6.218]],"v":[[22.5,-51.375],[-22.5,-51.375],[-33.75,-40.125],[-33.75,40.125],[-22.5,51.375],[22.5,51.375],[33.75,40.125],[33.75,-40.125]],"c":true}]}],"ix":2},"nm":"Path 1","mn":"ADBE Vector Shape - Group","hd":false},{"ty":"gf","o":{"a":0,"k":100,"ix":10},"r":1,"bm":0,"g":{"p":3,"k":{"a":0,"k":[0,0.663,0.227,1,0.5,0.831,0.367,1,1,1,0.506,1],"ix":9}},"s":{"a":0,"k":[-1,64.625],"ix":5},"e":{"a":0,"k":[-1,-277.862],"ix":6},"t":1,"nm":"Gradient Fill 1","mn":"ADBE Vector Graphic - G-Fill","hd":false},{"ty":"tr","p":{"a":0,"k":[0,0],"ix":2},"a":{"a":0,"k":[0,0],"ix":1},"s":{"a":0,"k":[100,100],"ix":3},"r":{"a":0,"k":0,"ix":6},"o":{"a":0,"k":100,"ix":7},"sk":{"a":0,"k":0,"ix":4},"sa":{"a":0,"k":0,"ix":5},"nm":"Transform"}],"nm":"Group 1","np":2,"cix":2,"bm":0,"ix":1,"mn":"ADBE Vector Group","hd":false}],"ip":0,"op":300,"st":0,"ct":1,"bm":0}],"markers":[]}