{
  "indexes": [
    {
      "collectionGroup": "tasks",
      "queryScope": "COLLECTION",
      "fields": [
        {
          "fieldPath": "completed",
          "order": "ASCENDING"
        },
        {
          "fieldPath": "usersassigned",
          "arrayConfig": "CONTAINS"
        }
      ]
    }
  ],
  "fieldOverrides": [
    {
      "collectionGroup": "fcm_tokens",
      "fieldPath": "fcm_token",
      "indexes": [
        {
          "order": "ASCENDING",
          "queryScope": "COLLECTION_GROUP"
        }
      ]
    }
  ]
}