{
  "project_info": {
    "project_number": "231710865180",
    "project_id": "app1-sai-questions",
    "storage_bucket": "app1-sai-questions.appspot.com"
  },
  "client": [
    {
      "client_info": {
        "mobilesdk_app_id": "1:231710865180:android:eee11c588be2ab40d56cd9",
        "android_client_info": {
          "package_name": "com.mycompany.app1"
        }
      },
      "oauth_client": [
        {
          "client_id": "231710865180-sb40i1ncrgi11n4o83eevafooke1jg38.apps.googleusercontent.com",
          "client_type": 3
        }
      ],
      "api_key": [
        {
          "current_key": "AIzaSyCy0M3HXbgwk3fkdvVlu0pQOxq8HINaDZY"
        }
      ],
      "services": {
        "appinvite_service": {
          "other_platform_oauth_client": [
            {
              "client_id": "231710865180-sb40i1ncrgi11n4o83eevafooke1jg38.apps.googleusercontent.com",
              "client_type": 3
            },
            {
              "client_id": "231710865180-ds04vg49pjult23lbpr2ps98s79vt68h.apps.googleusercontent.com",
              "client_type": 2,
              "ios_info": {
                "bundle_id": "com.mycompany.shopapp"
              }
            }
          ]
        }
      }
    },
    {
      "client_info": {
        "mobilesdk_app_id": "1:231710865180:android:7e348e446744b097d56cd9",
        "android_client_info": {
          "package_name": "com.mycompany.shopapp"
        }
      },
      "oauth_client": [
        {
          "client_id": "231710865180-sb40i1ncrgi11n4o83eevafooke1jg38.apps.googleusercontent.com",
          "client_type": 3
        }
      ],
      "api_key": [
        {
          "current_key": "AIzaSyCy0M3HXbgwk3fkdvVlu0pQOxq8HINaDZY"
        }
      ],
      "services": {
        "appinvite_service": {
          "other_platform_oauth_client": [
            {
              "client_id": "231710865180-sb40i1ncrgi11n4o83eevafooke1jg38.apps.googleusercontent.com",
              "client_type": 3
            },
            {
              "client_id": "231710865180-ds04vg49pjult23lbpr2ps98s79vt68h.apps.googleusercontent.com",
              "client_type": 2,
              "ios_info": {
                "bundle_id": "com.mycompany.shopapp"
              }
            }
          ]
        }
      }
    }
  ],
  "configuration_version": "1"
}